"","NucSubst","ExpFr","ObsFr","ObsToExp","MutSpec"
"1","A>C",1590,3,0.00188679245283019,0.0046594902993395
"2","A>G",2596,30,0.0115562403697997,0.0285384806469561
"3","A>T",1387,13,0.00937274693583273,0.0231462784156086
"4","C>A",704,6,0.00852272727272727,0.0210471294771301
"5","C>G",582,1,0.00171821305841924,0.00424317845128855
"6","C>T",1670,279,0.167065868263473,0.412574150037923
"7","G>A",919,19,0.0206746463547334,0.0510566564900422
"8","G>C",277,2,0.0072202166064982,0.0178305404956674
"9","G>T",277,42,0.151624548736462,0.374441350409016
"10","T>A",2421,8,0.00330441966129698,0.00816036301908281
"11","T>C",4668,94,0.0201371036846615,0.0497291788160013
"12","T>G",2160,4,0.00185185185185185,0.00457320344194433
