"","NucSubst","ExpFr","ObsFr","ObsToExp","MutSpec"
"1","A>C",1590,5,0.00314465408805031,0.00809488486734066
"2","A>G",2596,29,0.011171032357473,0.0287561742090199
"3","A>T",1387,9,0.00648882480173035,0.0167033601228039
"4","C>A",704,2,0.00284090909090909,0.00731299257901798
"5","C>G",582,1,0.00171821305841924,0.00442297832957789
"6","C>T",1670,306,0.183233532934132,0.471674884234243
"7","G>A",919,30,0.0326441784548422,0.0840317754455168
"8","G>C",277,2,0.0072202166064982,0.0185860894427027
"9","G>T",277,33,0.11913357400722,0.306670475804595
"10","T>A",2421,7,0.00289136720363486,0.007442880509996
"11","T>C",4668,71,0.015209940017138,0.0391530228223688
"12","T>G",2160,6,0.00277777777777778,0.00715048163281758
