"","NucSubst","ExpFr","ObsFr","ObsToExp","MutSpec"
"1","A>C",1590,1,0.000628930817610063,0.00149917991917175
"2","A>G",2596,37,0.0142526964560863,0.0339740965504137
"3","A>T",1387,14,0.0100937274693583,0.0240603785153303
"4","C>A",704,5,0.00710227272727273,0.0169296595986014
"5","C>G",582,0,0,0
"6","C>T",1670,278,0.166467065868263,0.396806890941495
"7","G>A",919,22,0.0239390642002176,0.05706345328904
"8","G>C",277,4,0.0144404332129964,0.0344216039203333
"9","G>T",277,44,0.15884476534296,0.378637643123666
"10","T>A",2421,11,0.00454357703428335,0.010830506727102
"11","T>C",4668,81,0.0173521850899743,0.041362335430619
"12","T>G",2160,4,0.00185185185185185,0.00441425198422792
