"","NucSubst","ExpFr","ObsFr","ObsToExp","MutSpec"
"1","A>C",1590,4,0.00251572327044025,0.00575194379729005
"2","A>G",2596,37,0.0142526964560863,0.0325873318176592
"3","A>T",1387,13,0.00937274693583273,0.0214298266564501
"4","C>A",704,5,0.00710227272727273,0.0162386197402187
"5","C>G",582,0,0,0
"6","C>T",1670,279,0.167065868263473,0.381979010167042
"7","G>A",919,18,0.0195865070729053,0.0447825439277588
"8","G>C",277,1,0.0036101083032491,0.00825414317481153
"9","G>T",277,53,0.191335740072202,0.437469588265011
"10","T>A",2421,9,0.00371747211895911,0.0084996195517576
"11","T>C",4668,77,0.0164952870608398,0.0377147857274111
"12","T>G",2160,5,0.00231481481481481,0.0052925871745898
