"","NucSubst","ExpFr","ObsFr","ObsToExp","MutSpec"
"1","A>C",1590,5,0.00314465408805031,0.0078696054708114
"2","A>G",2596,54,0.0208012326656394,0.0520558032144735
"3","A>T",1387,18,0.0129776496034607,0.0324770163770183
"4","C>A",704,3,0.00426136363636364,0.0106642096862984
"5","C>G",582,3,0.00515463917525773,0.0128996625758661
"6","C>T",1670,280,0.167664670658683,0.4195866294138
"7","G>A",919,25,0.0272034820457018,0.068077653419968
"8","G>C",277,1,0.0036101083032491,0.0090344207210037
"9","G>T",277,38,0.137184115523466,0.343307987398141
"10","T>A",2421,5,0.00206526228831062,0.0051683902100744
"11","T>C",4668,66,0.0141388174807198,0.0353828790962703
"12","T>G",2160,3,0.00138888888888889,0.00347574241627503
