"","NucSubst","ExpFr","ObsFr","ObsToExp","MutSpec"
"1","A>C",1590,2,0.00125786163522013,0.00326547647331522
"2","A>G",2596,54,0.0208012326656394,0.0540011190290533
"3","A>T",1387,11,0.00793078586878154,0.0205887467621785
"4","C>A",704,2,0.00284090909090909,0.00737515283035681
"5","C>G",582,1,0.00171821305841924,0.00446057353313677
"6","C>T",1670,276,0.165269461077844,0.429048411841213
"7","G>A",919,23,0.0250272034820457,0.0649719666099769
"8","G>C",277,2,0.0072202166064982,0.018744070731304
"9","G>T",277,36,0.129963898916967,0.337393273163471
"10","T>A",2421,9,0.00371747211895911,0.00965075760700966
"11","T>C",4668,80,0.0171379605826907,0.044491067631287
"12","T>G",2160,5,0.00231481481481481,0.00600938378769814
