"","NucSubst","ExpFr","ObsFr","ObsToExp","MutSpec"
"1","A>C",1590,3,0.00188679245283019,0.00445467305718681
"2","A>G",2596,41,0.0157935285053929,0.0372881531327694
"3","A>T",1387,5,0.00360490266762797,0.00851109127724949
"4","C>A",704,4,0.00568181818181818,0.0134146404563012
"5","C>G",582,0,0,0
"6","C>T",1670,293,0.175449101796407,0.414231244940443
"7","G>A",919,21,0.0228509249183896,0.0539505017698468
"8","G>C",277,0,0,0
"9","G>T",277,49,0.176895306859206,0.417645701426503
"10","T>A",2421,11,0.00454357703428335,0.0107272796048736
"11","T>C",4668,70,0.0149957155098543,0.0354045352231428
"12","T>G",2160,4,0.00185185185185185,0.00437217911168335
