"","NucSubst","ExpFr","ObsFr","ObsToExp","MutSpec"
"1","A>C",1590,4,0.00251572327044025,0.00583435131279359
"2","A>G",2596,43,0.0165639445300462,0.0384143489267814
"3","A>T",1387,11,0.00793078586878154,0.0183927189006417
"4","C>A",704,8,0.0113636363636364,0.0263540300776756
"5","C>G",582,2,0.00343642611683849,0.00796960359737269
"6","C>T",1670,264,0.158083832335329,0.366620854350035
"7","G>A",919,20,0.0217627856365615,0.0504712654371154
"8","G>C",277,1,0.0036101083032491,0.00837239944705939
"9","G>T",277,50,0.180505415162455,0.41861997235297
"10","T>A",2421,16,0.00660883932259397,0.0153269204251827
"11","T>C",4668,77,0.0164952870608398,0.0382551216380312
"12","T>G",2160,5,0.00231481481481481,0.00536841353434132
