"","NucSubst","ExpFr","ObsFr","ObsToExp","MutSpec"
"1","A>C",1590,1,0.000628930817610063,0.0014589415146701
"2","A>G",2596,57,0.0219568567026194,0.0509336939424312
"3","A>T",1387,8,0.00576784426820476,0.0133797664503271
"4","C>A",704,7,0.00994318181818182,0.0230653679805089
"5","C>G",582,0,0,0
"6","C>T",1670,252,0.150898203592814,0.35004112940001
"7","G>A",919,28,0.0304678998911861,0.0706769055855419
"8","G>C",277,2,0.0072202166064982,0.0167488592658878
"9","G>T",277,50,0.180505415162455,0.418721481647196
"10","T>A",2421,7,0.00289136720363486,0.00670715367958623
"11","T>C",4668,82,0.0175664095972579,0.0407490991179709
"12","T>G",2160,7,0.00324074074074074,0.00751760141586956
