"","NucSubst","ExpFr","ObsFr","ObsToExp","MutSpec"
"1","A>C",1590,4,0.00251572327044025,0.00549999688643425
"2","A>G",2596,54,0.0208012326656394,0.045476669170767
"3","A>T",1387,6,0.00432588320115357,0.00945745679462558
"4","C>A",704,2,0.00284090909090909,0.00621093398397049
"5","C>G",582,2,0.00343642611683849,0.00751288234487152
"6","C>T",1670,250,0.149700598802395,0.32728274885593
"7","G>A",919,21,0.0228509249183896,0.0499578063215559
"8","G>C",277,0,0,0
"9","G>T",277,63,0.227436823104693,0.497233473027183
"10","T>A",2421,4,0.00165220983064849,0.00361214169741035
"11","T>C",4668,89,0.0190659811482434,0.0416829776884806
"12","T>G",2160,6,0.00277777777777778,0.00607291322877115
