"","NucSubst","ExpFr","ObsFr","ObsToExp","MutSpec"
"1","A>C",1590,2,0.00125786163522013,0.00302538319064489
"2","A>G",2596,52,0.0200308166409861,0.0481777122886208
"3","A>T",1387,2,0.00144196106705119,0.00346817539518772
"4","C>A",704,5,0.00710227272727273,0.0170822417369509
"5","C>G",582,1,0.00171821305841924,0.00413261105938606
"6","C>T",1670,272,0.162874251497006,0.391741833020988
"7","G>A",919,36,0.0391730141458107,0.0942181359262858
"8","G>C",277,3,0.0108303249097473,0.0260488769302818
"9","G>T",277,42,0.151624548736462,0.364684277023945
"10","T>A",2421,4,0.00165220983064849,0.00397386144000444
"11","T>C",4668,80,0.0171379605826907,0.0412198738057016
"12","T>G",2160,2,0.000925925925925926,0.00222701818200249
