"","NucSubst","ExpFr","ObsFr","ObsToExp","MutSpec"
"1","A>C",1590,2,0.00125786163522013,0.00303197160426443
"2","A>G",2596,46,0.0177195685670262,0.0427115568443568
"3","A>T",1387,6,0.00432588320115357,0.0104271842482634
"4","C>A",704,9,0.0127840909090909,0.0308149954950455
"5","C>G",582,1,0.00171821305841924,0.00414161069654677
"6","C>T",1670,271,0.162275449101796,0.391151570227994
"7","G>A",919,28,0.0304678998911861,0.0734403568127597
"8","G>C",277,3,0.0108303249097473,0.0261056038850927
"9","G>T",277,42,0.151624548736462,0.365478454391297
"10","T>A",2421,6,0.00247831474597274,0.00597377304929423
"11","T>C",4668,84,0.0179948586118252,0.0433751207653767
"12","T>G",2160,3,0.00138888888888889,0.00334780197970864
