"","NucSubst","ExpFr","ObsFr","ObsToExp","MutSpec"
"1","A>C",1590,5,0.00314465408805031,0.00754975761394059
"2","A>G",2596,39,0.0150231124807396,0.0360678327920228
"3","A>T",1387,8,0.00576784426820476,0.013847572725209
"4","C>A",704,10,0.0142045454545455,0.0341025983129703
"5","C>G",582,0,0,0
"6","C>T",1670,286,0.17125748502994,0.411158895492616
"7","G>A",919,21,0.0228509249183896,0.0548610243154464
"8","G>C",277,1,0.0036101083032491,0.00866723076257439
"9","G>T",277,44,0.15884476534296,0.381358153553273
"10","T>A",2421,6,0.00247831474597274,0.00594999484816135
"11","T>C",4668,73,0.0156383890317052,0.0375450028384783
"12","T>G",2160,8,0.0037037037037037,0.0088919367453078
