"","NucSubst","ExpFr","ObsFr","ObsToExp","MutSpec"
"1","A>C",1590,5,0.00314465408805031,0.0081262546705439
"2","A>G",2596,29,0.011171032357473,0.0288676119305685
"3","A>T",1387,11,0.00793078586878154,0.0204943322549117
"4","C>A",704,6,0.00852272727272727,0.0220239970332355
"5","C>G",582,1,0.00171821305841924,0.00444011853132811
"6","C>T",1670,284,0.170059880239521,0.439460066949797
"7","G>A",919,31,0.0337323177366703,0.0871693346487723
"8","G>C",277,1,0.0036101083032491,0.00932905770842224
"9","G>T",277,34,0.122743682310469,0.317187962086356
"10","T>A",2421,7,0.00289136720363486,0.00747172362520889
"11","T>C",4668,85,0.0182090831191088,0.0470549836642677
"12","T>G",2160,7,0.00324074074074074,0.00837455689658829
