"","NucSubst","ExpFr","ObsFr","ObsToExp","MutSpec"
"1","A>C",1590,6,0.00377358490566038,0.0102310279375259
"2","A>G",2596,50,0.0192604006163328,0.052219229650315
"3","A>T",1387,8,0.00576784426820476,0.0156379085995349
"4","C>A",704,5,0.00710227272727273,0.0192558409335537
"5","C>G",582,1,0.00171821305841924,0.0046584577378769
"6","C>T",1670,285,0.170658682634731,0.462693643701582
"7","G>A",919,20,0.0217627856365615,0.0590037519792025
"8","G>C",277,1,0.0036101083032491,0.00978780651062944
"9","G>T",277,31,0.111913357400722,0.303422001829513
"10","T>A",2421,7,0.00289136720363486,0.00783913953907909
"11","T>C",4668,80,0.0171379605826907,0.0464648226811372
"12","T>G",2160,7,0.00324074074074074,0.00878636890005115
