"","NucSubst","ExpFr","ObsFr","ObsToExp","MutSpec"
"1","A>C",40,0,0,0
"2","A>G",52,14,0.269230769230769,0.0361539441199667
"3","A>T",34,9,0.264705882352941,0.0355463148070261
"4","C>A",26,1,0.0384615384615385,0.00516484915999524
"5","C>G",19,2,0.105263157894737,0.014135376648408
"6","C>T",60,188,3.13333333333333,0.420763044900946
"7","G>A",25,9,0.36,0.0483429881375555
"8","G>C",12,3,0.25,0.0335715195399691
"9","G>T",12,31,2.58333333333333,0.346905701913014
"10","T>A",56,3,0.0535714285714286,0.00719389704427909
"11","T>C",90,29,0.322222222222222,0.0432699585181824
"12","T>G",45,3,0.0666666666666667,0.00895240521065842
