"","NucSubst","ExpFr","ObsFr","ObsToExp","MutSpec"
"1","A>C",10,1,0.1,0.0154819684216993
"2","A>G",16,2,0.125,0.0193524605271242
"3","A>T",9,0,0,0
"4","C>A",4,1,0.25,0.0387049210542483
"5","C>G",3,0,0,0
"6","C>T",9,41,4.55555555555556,0.705289672544081
"7","G>A",7,1,0.142857142857143,0.0221170977452848
"8","G>C",0,0,0,0
"9","G>T",0,0,0,0
"10","T>A",14,0,0,0
"11","T>C",28,36,1.28571428571429,0.199053879707563
"12","T>G",9,0,0,0
