"","NucSubst","ObsFr","Colour","ExpFr","ObsToExp","MutSpec"
"1","AAC>AGC",1,"A>G",3,0.333333333333333,0.00533570475767008
"2","ACC>ATC",17,"C>T",2,8.5,0.136060471320587
"3","ACG>ATG",2,"C>T",1,2,0.0320142285460205
"4","ACT>ATT",2,"C>T",2,1,0.0160071142730102
"5","ATA>ACA",2,"T>C",3,0.666666666666667,0.0106714095153402
"6","ATG>ACG",3,"T>C",5,0.6,0.00960426856380614
"7","ATT>ACT",2,"T>C",6,0.333333333333333,0.00533570475767008
"8","CAG>CTG",2,"A>T",2,1,0.0160071142730102
"9","CAT>CTT",2,"A>T",3,0.666666666666667,0.0106714095153402
"10","CCA>CTA",1,"C>T",1,1,0.0160071142730102
"11","CCT>CAT",1,"C>A",1,1,0.0160071142730102
"12","CGT>CAT",2,"G>A",2,1,0.0160071142730102
"13","CGT>CTT",4,"G>T",2,2,0.0320142285460205
"14","CTA>CCA",1,"T>C",5,0.2,0.00320142285460205
"15","CTC>CGC",1,"T>G",1,1,0.0160071142730102
"16","CTG>CAG",2,"T>A",3,0.666666666666667,0.0106714095153402
"17","CTT>CAT",1,"T>A",2,0.5,0.00800355713650511
"18","CTT>CCT",1,"T>C",3,0.333333333333333,0.00533570475767008
"19","GAA>GGA",1,"A>G",2,0.5,0.00800355713650511
"20","GAA>GTA",1,"A>T",1,1,0.0160071142730102
"21","GCG>GTG",1,"C>T",1,1,0.0160071142730102
"22","GTA>GCA",1,"T>C",4,0.25,0.00400177856825256
"23","GTC>GCC",2,"T>C",2,1,0.0160071142730102
"24","GTG>GCG",1,"T>C",1,1,0.0160071142730102
"25","TAG>TTG",1,"A>T",4,0.25,0.00400177856825256
"26","TCA>TAA",1,"C>A",2,0.5,0.00800355713650511
"27","TCA>TTA",56,"C>T",3,18.6666666666667,0.298799466429524
"28","TCG>TTG",2,"C>T",2,1,0.0160071142730102
"29","TCT>TAT",1,"C>A",1,1,0.0160071142730102
"30","TCT>TTT",3,"C>T",4,0.75,0.0120053357047577
"31","TGC>TAC",1,"G>A",1,1,0.0160071142730102
"32","TGG>TAG",2,"G>A",2,1,0.0160071142730102
"33","TGG>TTG",10,"G>T",1,10,0.160071142730102
"34","TTC>TAC",1,"T>A",3,0.333333333333333,0.00533570475767008
"35","TTC>TCC",1,"T>C",5,0.2,0.00320142285460205
"36","TTT>TCT",2,"T>C",9,0.222222222222222,0.00355713650511338
