"","NucSubst","ExpFr","ObsFr","ObsToExp","MutSpec"
"1","A>C",70,4,0.0571428571428571,0.00671276060562077
"2","A>G",128,30,0.234375,0.0275328071714915
"3","A>T",59,18,0.305084745762712,0.0358393150978058
"4","C>A",60,8,0.133333333333333,0.0156631080797818
"5","C>G",49,0,0,0
"6","C>T",101,277,2.74257425742574,0.322179277581651
"7","G>A",52,42,0.807692307692308,0.0948822893294475
"8","G>C",20,4,0.2,0.0234946621196727
"9","G>T",20,71,3.55,0.417030252624191
"10","T>A",86,7,0.0813953488372093,0.00956178109521564
"11","T>C",144,54,0.375,0.0440524914743863
"12","T>G",77,2,0.025974025974026,0.00305125482073672
