"","NucSubst","ObsFr","Colour","ExpFr","ObsToExp","MutSpec"
"1","AAG>AGG",1,"A>G",1,1,0.0381194409148666
"2","AGA>AAA",2,"G>A",1,2,0.0762388818297332
"3","ATC>ACC",1,"T>C",2,0.5,0.0190597204574333
"4","CCA>CTA",1,"C>T",1,1,0.0381194409148666
"5","CGG>CAG",2,"G>A",1,2,0.0762388818297332
"6","CGG>CTG",2,"G>T",1,2,0.0762388818297332
"7","CGT>CTT",1,"G>T",2,0.5,0.0190597204574333
"8","CTA>CCA",1,"T>C",1,1,0.0381194409148666
"9","CTC>CCC",1,"T>C",1,1,0.0381194409148666
"10","CTC>CGC",2,"T>G",1,2,0.0762388818297332
"11","CTT>CCT",1,"T>C",5,0.2,0.00762388818297332
"12","GAT>GGT",1,"A>G",1,1,0.0381194409148666
"13","GCT>GTT",1,"C>T",2,0.5,0.0190597204574333
"14","TAA>TGA",1,"A>G",3,0.333333333333333,0.0127064803049555
"15","TAG>TCG",1,"A>C",4,0.25,0.00952986022871665
"16","TAT>TGT",3,"A>G",1,3,0.1143583227446
"17","TCG>TTG",9,"C>T",2,4.5,0.1715374841169
"18","TCT>TTT",4,"C>T",4,1,0.0381194409148666
"19","TGA>TTA",2,"G>T",2,1,0.0381194409148666
"20","TGC>TAC",1,"G>A",1,1,0.0381194409148666
"21","TTA>TCA",1,"T>C",5,0.2,0.00762388818297332
"22","TTC>TAC",1,"T>A",4,0.25,0.00952986022871665
