"","NucSubst","ExpFr","ObsFr","ObsToExp","MutSpec"
"1","A>C",3,0,0,0
"2","A>G",12,4,0.333333333333333,0.0662451068955134
"3","A>T",3,0,0,0
"4","C>A",3,1,0.333333333333333,0.0662451068955134
"5","C>G",2,0,0,0
"6","C>T",12,21,1.75,0.347786811201445
"7","G>A",3,1,0.333333333333333,0.0662451068955134
"8","G>C",2,0,0,0
"9","G>T",2,4,2,0.39747064137308
"10","T>A",10,1,0.1,0.019873532068654
"11","T>C",22,4,0.181818181818182,0.03613369467028
"12","T>G",6,0,0,0
