"","NucSubst","ExpFr","ObsFr","ObsToExp","MutSpec"
"1","A>C",43,5,0.116279069767442,0.0167540929555104
"2","A>G",62,11,0.17741935483871,0.0255635031224401
"3","A>T",39,7,0.179487179487179,0.0258614460492751
"4","C>A",26,7,0.269230769230769,0.0387921690739126
"5","C>G",21,1,0.0476190476190476,0.00686119997225665
"6","C>T",64,165,2.578125,0.371469654747958
"7","G>A",27,5,0.185185185185185,0.0266824443365537
"8","G>C",8,2,0.25,0.0360212998543474
"9","G>T",8,22,2.75,0.396234298397822
"10","T>A",71,6,0.0845070422535211,0.0121762140352724
"11","T>C",122,31,0.254098360655738,0.0366118129667138
"12","T>G",62,3,0.0483870967741935,0.00697186448793821
