"","NucSubst","ObsFr","ExpFr","ObsToExp","MutSpec"
"1","AAG>AGG",1,1,1,0.0381194409148666
"2","AGA>AAA",2,1,2,0.0762388818297332
"3","ATC>ACC",1,2,0.5,0.0190597204574333
"4","CCA>CTA",1,1,1,0.0381194409148666
"5","CGG>CAG",2,1,2,0.0762388818297332
"6","CGG>CTG",2,1,2,0.0762388818297332
"7","CGT>CTT",1,2,0.5,0.0190597204574333
"8","CTA>CCA",1,1,1,0.0381194409148666
"9","CTC>CCC",1,1,1,0.0381194409148666
"10","CTC>CGC",2,1,2,0.0762388818297332
"11","CTT>CCT",1,5,0.2,0.00762388818297332
"12","GAT>GGT",1,1,1,0.0381194409148666
"13","GCT>GTT",1,2,0.5,0.0190597204574333
"14","TAA>TGA",1,3,0.333333333333333,0.0127064803049555
"15","TAG>TCG",1,4,0.25,0.00952986022871665
"16","TAT>TGT",3,1,3,0.1143583227446
"17","TCG>TTG",9,2,4.5,0.1715374841169
"18","TCT>TTT",4,4,1,0.0381194409148666
"19","TGA>TTA",2,2,1,0.0381194409148666
"20","TGC>TAC",1,1,1,0.0381194409148666
"21","TTA>TCA",1,5,0.2,0.00762388818297332
"22","TTC>TAC",1,4,0.25,0.00952986022871665
