"","NucSubst","ObsFr","Colour","ExpFr","ObsToExp","MutSpec"
"1","AAA>AGA",1,"A>G",2,0.5,0.0107020002548095
"2","AAG>AGG",3,"A>G",5,0.6,0.0128424003057714
"3","ACA>ATA",2,"C>T",1,2,0.0428080010192381
"4","ACC>ATC",1,"C>T",1,1,0.0214040005096191
"5","ACG>ATG",11,"C>T",3,3.66666666666667,0.0784813352019366
"6","ACT>ATT",8,"C>T",5,1.6,0.0342464008153905
"7","AGG>AAG",1,"G>A",2,0.5,0.0107020002548095
"8","ATC>ACC",6,"T>C",3,2,0.0428080010192381
"9","CAC>CGC",1,"A>G",7,0.142857142857143,0.00305771435851701
"10","CAC>CTC",1,"A>T",7,0.142857142857143,0.00305771435851701
"11","CAG>CTG",1,"A>T",3,0.333333333333333,0.00713466683653969
"12","CAT>CTT",1,"A>T",2,0.5,0.0107020002548095
"13","CCA>CAA",1,"C>A",1,1,0.0214040005096191
"14","CCA>CTA",10,"C>T",1,10,0.214040005096191
"15","CGG>CAG",1,"G>A",1,1,0.0214040005096191
"16","CTA>CCA",1,"T>C",2,0.5,0.0107020002548095
"17","CTC>CCC",3,"T>C",3,1,0.0214040005096191
"18","CTG>CCG",3,"T>C",3,1,0.0214040005096191
"19","CTT>CAT",1,"T>A",6,0.166666666666667,0.00356733341826984
"20","CTT>CCT",1,"T>C",7,0.142857142857143,0.00305771435851701
"21","GAA>GGA",2,"A>G",2,1,0.0214040005096191
"22","GAC>GGC",1,"A>G",1,1,0.0214040005096191
"23","GAG>GGG",1,"A>G",1,1,0.0214040005096191
"24","GCA>GTA",2,"C>T",2,1,0.0214040005096191
"25","GCG>GTG",3,"C>T",1,3,0.0642120015288572
"26","GTG>GCG",3,"T>C",3,1,0.0214040005096191
"27","TAC>TGC",1,"A>G",2,0.5,0.0107020002548095
"28","TCA>TTA",16,"C>T",4,4,0.0856160020384762
"29","TCT>TTT",1,"C>T",3,0.333333333333333,0.00713466683653969
"30","TGA>TAA",1,"G>A",2,0.5,0.0107020002548095
"31","TGA>TTA",5,"G>T",2,2.5,0.0535100012740476
"32","TGG>TAG",1,"G>A",1,1,0.0214040005096191
"33","TGT>TTT",1,"G>T",2,0.5,0.0107020002548095
"34","TTA>TCA",3,"T>C",5,0.6,0.0128424003057714
"35","TTG>TCG",1,"T>C",5,0.2,0.00428080010192381
"36","TTT>TCT",5,"T>C",8,0.625,0.0133775003185119
"37","TTT>TGT",1,"T>G",6,0.166666666666667,0.00356733341826984
