"","NucSubst","ExpFr","ObsFr","ObsToExp","MutSpec"
"1","A>C",26,0,0,0
"2","A>G",38,10,0.263157894736842,0.0542686072696549
"3","A>T",22,3,0.136363636363636,0.0281210055851848
"4","C>A",7,1,0.142857142857143,0.0294601010892412
"5","C>G",6,0,0,0
"6","C>T",25,54,2.16,0.445436728469328
"7","G>A",12,4,0.333333333333333,0.0687402358748962
"8","G>C",5,0,0,0
"9","G>T",5,6,1.2,0.247464849149626
"10","T>A",30,1,0.0333333333333333,0.00687402358748962
"11","T>C",48,26,0.541666666666667,0.111702883296706
"12","T>G",26,1,0.0384615384615385,0.00793156567787264
