"","NucSubst","ExpFr","ObsFr","ObsToExp","MutSpec"
"1","A>C",11,1,0.0909090909090909,0.0344710862118761
"2","A>G",16,6,0.375,0.142193230623989
"3","A>T",10,0,0,0
"4","C>A",4,0,0,0
"5","C>G",2,0,0,0
"6","C>T",18,15,0.833333333333333,0.315984956942197
"7","G>A",11,5,0.454545454545455,0.17235543105938
"8","G>C",8,0,0,0
"9","G>T",8,5,0.625,0.236988717706648
"10","T>A",25,1,0.04,0.0151672779332255
"11","T>C",37,5,0.135135135135135,0.0512408038284644
"12","T>G",24,2,0.0833333333333333,0.0315984956942197
