"","NucSubst","ExpFr","ObsFr","ObsToExp","MutSpec"
"1","A>C",1590,52,0.0327044025157233,0.0052999998218515
"2","A>G",2596,651,0.250770416024653,0.0406392735539904
"3","A>T",1387,143,0.10310021629416,0.0167081825674446
"4","C>A",704,79,0.112215909090909,0.0181854506562163
"5","C>G",582,14,0.0240549828178694,0.00389829487293201
"6","C>T",1670,4149,2.48443113772455,0.40262116334374
"7","G>A",919,361,0.392818280739935,0.0636592219332164
"8","G>C",277,24,0.0866425992779783,0.0140410992225669
"9","G>T",277,650,2.34657039711191,0.380279770611186
"10","T>A",2421,117,0.0483271375464684,0.00783178412336793
"11","T>C",4668,1187,0.254284490145673,0.041208756277499
"12","T>G",2160,75,0.0347222222222222,0.00562700301598818
