"","NucSubst","ExpFr","ObsFr","ObsToExp","MutSpec"
"1","A>C",9,0,0,0
"2","A>G",7,3,0.428571428571429,0.0875486381322957
"3","A>T",8,0,0,0
"4","C>A",3,0,0,0
"5","C>G",3,0,0,0
"6","C>T",10,32,3.2,0.653696498054475
"7","G>A",4,2,0.5,0.102140077821012
"8","G>C",2,0,0,0
"9","G>T",2,1,0.5,0.102140077821012
"10","T>A",5,0,0,0
"11","T>C",15,4,0.266666666666667,0.0544747081712062
"12","T>G",5,0,0,0
