"","NucSubst","ExpFr","ObsFr","ObsToExp","MutSpec"
"1","A>C",207,11,0.0531400966183575,0.00816035030538042
"2","A>G",327,74,0.226299694189602,0.0347512499243306
"3","A>T",177,30,0.169491525423729,0.0260276196180855
"4","C>A",99,10,0.101010101010101,0.0155114096713843
"5","C>G",83,5,0.0602409638554217,0.00925078046666894
"6","C>T",215,428,1.9906976744186,0.305697418881811
"7","G>A",111,47,0.423423423423423,0.0650221524332892
"8","G>C",28,3,0.107142857142857,0.016453173830004
"9","G>T",28,84,3,0.460688867240113
"10","T>A",336,16,0.0476190476190476,0.00731252170222402
"11","T>C",638,184,0.288401253918495,0.0442877489927799
"12","T>G",292,13,0.0445205479452055,0.00683670693392862
