"","NucSubst","ExpFr","ObsFr","ObsToExp","MutSpec"
"1","A>C",17,0,0,0
"2","A>G",37,2,0.0540540540540541,0.00557494748256475
"3","A>T",15,6,0.4,0.0412546113709792
"4","C>A",7,3,0.428571428571429,0.0442013693260491
"5","C>G",2,0,0,0
"6","C>T",19,84,4.42105263157895,0.455972020416085
"7","G>A",11,5,0.454545454545455,0.0468802401942945
"8","G>C",4,0,0,0
"9","G>T",4,14,3.5,0.360977849496068
"10","T>A",29,4,0.137931034482759,0.0142257280589583
"11","T>C",62,16,0.258064516129032,0.0266158783038575
"12","T>G",24,1,0.0416666666666667,0.00429735535114366
