"","NucSubst","ObsFr","ExpFr","ObsToExp","MutSpec"
"1","ACG>ATG",7,1,7,0.33201581027668
"2","ATT>ACT",1,2,0.5,0.0237154150197628
"3","CAT>CGT",1,1,1,0.0474308300395257
"4","CCT>CAT",1,2,0.5,0.0237154150197628
"5","CTT>CCT",1,1,1,0.0474308300395257
"6","GCT>GTT",2,2,1,0.0474308300395257
"7","TAG>TGG",2,1,2,0.0948616600790514
"8","TAT>TGT",1,1,1,0.0474308300395257
"9","TCC>TTC",1,1,1,0.0474308300395257
"10","TCT>TTT",11,4,2.75,0.130434782608696
"11","TGC>TAC",1,2,0.5,0.0237154150197628
"12","TGC>TTC",4,2,2,0.0948616600790514
"13","TTA>TCA",1,3,0.333333333333333,0.0158102766798419
"14","TTG>TAG",1,4,0.25,0.0118577075098814
"15","TTG>TCG",1,4,0.25,0.0118577075098814
