"","NucSubst","ExpFr","ObsFr","ObsToExp","MutSpec"
"1","A>C",1154,30,0.0259965337954939,0.00440560214819848
"2","A>G",1901,495,0.260389268805892,0.0441278645470001
"3","A>T",1011,70,0.0692383778437191,0.0117337468358547
"4","C>A",465,47,0.101075268817204,0.0171291074777053
"5","C>G",392,6,0.0153061224489796,0.00259391065256176
"6","C>T",1137,2844,2.50131926121372,0.423895646905184
"7","G>A",656,240,0.365853658536585,0.0620007912075737
"8","G>C",188,12,0.0638297872340425,0.010817159317066
"9","G>T",188,412,2.19148936170213,0.371389136552601
"10","T>A",1759,78,0.0443433769187038,0.00751482017365248
"11","T>C",3462,798,0.23050259965338,0.0390630057140265
"12","T>G",1590,50,0.0314465408805031,0.00532920846857552
