"","NucSubst","ObsFr","Colour","ExpFr","ObsToExp","MutSpec"
"1","AAA>AGA",1,"A>G",2,0.5,0.0115830115830116
"2","AAT>AGT",1,"A>G",2,0.5,0.0115830115830116
"3","ACA>ATA",9,"C>T",1,9,0.208494208494208
"4","ACT>ATT",7,"C>T",3,2.33333333333333,0.0540540540540541
"5","ATA>ACA",1,"T>C",1,1,0.0231660231660232
"6","ATC>ACC",1,"T>C",2,0.5,0.0115830115830116
"7","ATG>ACG",1,"T>C",1,1,0.0231660231660232
"8","ATT>ACT",24,"T>C",6,4,0.0926640926640927
"9","CTC>CCC",1,"T>C",1,1,0.0231660231660232
"10","GAG>GCG",1,"A>C",1,1,0.0231660231660232
"11","GGA>GAA",1,"G>A",1,1,0.0231660231660232
"12","TCA>TAA",1,"C>A",2,0.5,0.0115830115830116
"13","TCA>TTA",15,"C>T",2,7.5,0.173745173745174
"14","TCG>TTG",10,"C>T",1,10,0.231660231660232
"15","TTC>TCC",4,"T>C",2,2,0.0463320463320463
"16","TTG>TCG",2,"T>C",3,0.666666666666667,0.0154440154440154
"17","TTT>TCT",2,"T>C",3,0.666666666666667,0.0154440154440154
