"Aacids","Normed_mean_count"
"*",0.00102605639710526
"A",0.0674733866301518
"C",0.030368808049615
"D",0.0523789227812825
"E",0.0453268745963204
"F",0.0512971793653239
"G",0.0590750047739056
"H",0.0193842102791058
"I",0.0525235244324488
"K",0.0576428331011844
"L",0.0953636608461596
"M",0.0211264037897529
"N",0.0545595361917422
"P",0.0403728835599819
"Q",0.0374288554748544
"R",0.0357909597508996
"S",0.0678163284184497
"T",0.0736238794141192
"V",0.0800969056682412
"W",0.0113822010340351
"Y",0.0459415854453208
