"Aacids","Normed_mean_count"
"*",0.00102906340052021
"A",0.0673191452353667
"C",0.0303812662464128
"D",0.052297834782507
"E",0.0453119157419215
"F",0.0513588169934734
"G",0.0591418140437105
"H",0.0193816512478086
"I",0.0525970979878806
"K",0.0576245762574541
"L",0.0955626999489468
"M",0.0210897488096647
"N",0.0545606666410956
"P",0.0402249540387918
"Q",0.0373941579473867
"R",0.0358019505233209
"S",0.0678020891812557
"T",0.073605621143448
"V",0.0801416197995326
"W",0.0113825652415325
"Y",0.0459907447879692
