"Aacids","Normed_number"
"*",0.00102553584247769
"A",0.0674802584350323
"C",0.0303558609373398
"D",0.0524048815506102
"E",0.0453286842375141
"F",0.0512767921238847
"G",0.0590708645267152
"H",0.0193826274228284
"I",0.052507435134858
"K",0.0576351143472464
"L",0.0953748333504256
"M",0.0211260383550405
"N",0.0545585068198133
"P",0.0404061121936212
"Q",0.0374320582504358
"R",0.0357912009024715
"S",0.0677879191877756
"T",0.0736334734898985
"V",0.0800943492975079
"W",0.0113834478515024
"Y",0.0459440057430007
