"Codons","Normed_mean_count"
"ATG",0.0211264037897529
"GAG",0.012613776373649
"AGC",0.00407407460583744
"CTT",0.027831408011916
"GTC",0.011280056888956
"CCT",0.0195586552497681
"GGT",0.034574767565665
"TTC",0.0152539358826023
"AAC",0.0177386229779613
"AAA",0.0376452451797911
"ACA",0.0301475982896394
"CAC",0.00594989645086015
"CAA",0.0260494234086076
"CTC",0.00942331015536371
"AGT",0.0162308687400561
"TTG",0.0169019844884476
"GTT",0.0391810993130293
"TTA",0.0259227687708839
"CAG",0.0113794320662468
"CGC",0.00348664321726983
"GAC",0.0188675414006834
"GTG",0.0114844477334768
"GTA",0.018151301732779
"CGT",0.00871414673847386
"GGC",0.0105620737968886
"TTT",0.0360432434827215
"GGA",0.0121932009329165
"TCC",0.00522965716281715
"TCA",0.0188977949376295
"GCA",0.0184561958525785
"CAT",0.0134343138282456
"GAT",0.0335113813805991
"ACT",0.0328142168241252
"TGT",0.0234988964125048
"GAA",0.0327130982226714
"CCC",0.0029734611871734
"TAT",0.0281031770726185
"ATC",0.00974358742954259
"TCG",0.00123044724162608
"GCT",0.0367111800458746
"CGA",0.00175183362072484
"CTG",0.00482384955028886
"ATT",0.0266723386066103
"TAC",0.0178384083727022
"ATA",0.0161075983962959
"CCA",0.0160980608405807
"AAG",0.0199975879213933
"AAT",0.0368209132137809
"GCC",0.00974204911410465
"CTA",0.0104603398692596
"TGG",0.0113822010340351
"ACC",0.00697164556473918
"GGG",0.00174496247843538
"TGC",0.00686991163711016
"AGG",0.00481359411403594
"ACG",0.00369041873561547
"TCT",0.0221534857304834
"AGA",0.0159995060981901
"GCG",0.00256396161759406
"CCG",0.00174270628245974
"CGG",0.00102523596220503
"TAA",0.000922989262763352
"TAG",0.000102656916891791
"TGA",4.10217450117045e-07
