"Codons","Normed_mean_count"
"ATG",0.0210897488096647
"GAG",0.0126027960905847
"AGC",0.00408733234645531
"CTT",0.0278957817425651
"GTC",0.0113163130034683
"CCT",0.019468004784109
"GGT",0.0346396647431639
"TTC",0.0151664295192077
"AAC",0.0177319089854239
"AAA",0.0376458344059154
"ACA",0.0301254874821216
"CAC",0.00591737094710138
"CAA",0.0260400011732594
"CTC",0.00936371801816788
"AGT",0.0162029796277445
"TTG",0.0169479583542124
"GTT",0.039241118559303
"TTA",0.0260374372321579
"CAG",0.0113541567741272
"CGC",0.00347947319009859
"GAC",0.018833275525008
"GTG",0.0114720980647988
"GTA",0.0181120901719625
"CGT",0.00872068158989783
"GGC",0.0105620015313907
"TTT",0.0361923874742657
"GGA",0.0121964627048102
"TCC",0.00524366978325673
"TCA",0.0188722474297516
"GCA",0.01845740175952
"CAT",0.0134642803007072
"GAT",0.0334645592574991
"ACT",0.0328782372063954
"TGT",0.0235024173862282
"GAA",0.0327091196513368
"CCC",0.0029638133557538
"TAT",0.0281759692261431
"ATC",0.00975271916209584
"TCG",0.00123171730518714
"GCT",0.0365813886181937
"CGA",0.00176132497912439
"CTG",0.00485169446765096
"ATT",0.0267130869912397
"TAC",0.0178147755618262
"ATA",0.016131291834545
"CCA",0.0160518096603968
"AAG",0.0199787418515388
"AAT",0.0368287576556717
"GCC",0.00976492352173925
"CTA",0.0104661101341926
"TGG",0.0113825652415325
"ACC",0.00691617984262324
"GGG",0.00174368506434569
"TGC",0.0068788488601846
"AGG",0.00482297832731354
"ACG",0.0036857166123077
"TCT",0.0221641426888604
"AGA",0.0159933518032813
"GCG",0.00251543133591382
"CCG",0.00174132623853226
"CGG",0.00102414063360523
"TAA",0.000926403198813941
"TAG",0.000102455086418148
"TGA",2.0511528812442e-07
