"Codons","Aacids","Number_of_codons","normed_number"
"ATG","M","206",0.0211260383550405
"GAG","E","123",0.0126140908624756
"AGC","S","40",0.00410214336991078
"CTT","L","271",0.0277920213311455
"GTC","V","110",0.0112808942672546
"CCT","P","191",0.019587734591324
"GGT","G","337",0.0345605578914983
"TTC","F","149",0.0152804840529176
"AAC","N","173",0.0177417700748641
"AAA","K","367",0.0376371654189314
"ACA","T","294",0.0301507537688442
"CAC","H","58",0.00594810788637063
"CAA","Q","254",0.0260486103989334
"CTC","L","92",0.00943492975079479
"AGT","S","158",0.0162034663111476
"TTG","L","165",0.016921341400882
"GTT","V","382",0.0391754691826479
"TTA","L","253",0.0259460568146857
"CAG","Q","111",0.0113834478515024
"CGC","R","34",0.00348682186442416
"GAC","D","184",0.0188698595015896
"GTG","V","112",0.0114860014357502
"GTA","V","177",0.0181519844118552
"CGT","R","85",0.0087170546610604
"GGC","G","103",0.0105630191775203
"TTT","F","351",0.0359963080709671
"GGA","G","119",0.0122038765254846
"TCC","S","51",0.00523023279663624
"TCA","S","184",0.0188698595015896
"GCA","A","180",0.0184596451645985
"CAT","H","131",0.0134345195364578
"GAT","D","327",0.0335350220490206
"ACT","T","320",0.0328171469592862
"TGT","C","229",0.0234847707927392
"GAA","E","319",0.0327145933750385
"CCC","P","29",0.00297405394318531
"TAT","Y","274",0.0280996820838888
"ATC","I","95",0.0097425905035381
"TCG","S","12",0.00123064301097323
"GCT","A","358",0.0367141831607015
"CGA","R","17",0.00174341093221208
"CTG","L","47",0.00482001845964516
"ATT","I","260",0.0266639319044201
"TAC","Y","174",0.0178443236591119
"ATA","I","157",0.0161009127268998
"CCA","P","157",0.0161009127268998
"AAG","K","195",0.019997948928315
"AAT","N","359",0.0368167367449492
"GCC","A","95",0.0097425905035381
"CTA","L","102",0.0104604655932725
"TGG","W","111",0.0113834478515024
"ACC","T","68",0.00697364372884832
"GGG","G","17",0.00174341093221208
"TGC","C","67",0.00687109014460055
"AGG","R","47",0.00482001845964516
"ACG","T","36",0.0036919290329197
"TCT","S","216",0.0221515741975182
"AGA","R","156",0.015998359142652
"GCG","A","25",0.00256383960619424
"CCG","P","17",0.00174341093221208
"CGG","R","10",0.00102553584247769
"TAA","*","9",0.000922982258229925
"TAG","*","1",0.000102553584247769
"TGA","*","0","0"
