"Nucleotides","count_in_thousand_seq","mean_count","normed"
"A",1228996,1228.996,0.27857512327386
"C",581235,581.235,0.131747875319433
"G",440862,440.862,0.0999296873193733
"T",2160629,2160.629,0.489747314087334
