"Nucleotides","count_in_thousand_seq","mean_count","normed"
"A",1230141,1230.141,0.278754035238629
"C",581827,581.827,0.131843930135477
"G",440820,440.82,0.0998912757268415
"T",2160210,2160.21,0.489510758899052
