"","Nucleotides","Normed_mean_four_fold_1000_start","Normed_mean_four_fold_1000_end","Normed_mean_syn_1000_start","Normed_mean_syn_1000_end"
"1","A",0.289568399515276,0.289415983020246,0.281517365632761,0.281526578736478
"2","C",0.136958863402467,0.136874895354234,0.156004875844612,0.155792753153801
"3","G",0.0649712300868041,0.0649030994927786,0.126623666306154,0.126547210257733
"4","T",0.508501506995453,0.508806022132741,0.435854092216473,0.436133457851988
