"","NucSubst","ORF1ab","S","ORF6","N","M","ORF8","ORF7b","ORF3a","ORF10","ORF7a","E"
"1","A>C","0.00440560214819848","0.00816035030538042","0.0154819684216993","0.00671276060562077","0","0","0","0.0167540929555104","0","0","0.0344710862118761"
"2","A>G","0.0441278645470001","0.0347512499243306","0.0193524605271242","0.0275328071714915","0.0361539441199667","0.00557494748256475","0.0662451068955134","0.0255635031224401","0.0875486381322957","0.0542686072696549","0.142193230623989"
"3","A>T","0.0117337468358547","0.0260276196180855","0","0.0358393150978058","0.0355463148070261","0.0412546113709792","0","0.0258614460492751","0","0.0281210055851848","0"
"4","C>A","0.0171291074777053","0.0155114096713843","0.0387049210542483","0.0156631080797818","0.00516484915999524","0.0442013693260491","0.0662451068955134","0.0387921690739126","0","0.0294601010892412","0"
"5","C>G","0.00259391065256176","0.00925078046666894","0","0","0.014135376648408","0","0","0.00686119997225665","0","0","0"
"6","C>T","0.423895646905184","0.305697418881811","0.705289672544081","0.322179277581651","0.420763044900946","0.455972020416085","0.347786811201445","0.371469654747958","0.653696498054475","0.445436728469328","0.315984956942197"
"7","G>A","0.0620007912075737","0.0650221524332892","0.0221170977452848","0.0948822893294475","0.0483429881375555","0.0468802401942945","0.0662451068955134","0.0266824443365537","0.102140077821012","0.0687402358748962","0.17235543105938"
"8","G>C","0.010817159317066","0.016453173830004","0","0.0234946621196727","0.0335715195399691","0","0","0.0360212998543474","0","0","0"
"9","G>T","0.371389136552601","0.460688867240113","0","0.417030252624191","0.346905701913014","0.360977849496068","0.39747064137308","0.396234298397822","0.102140077821012","0.247464849149626","0.236988717706648"
"10","T>A","0.00751482017365248","0.00731252170222402","0","0.00956178109521564","0.00719389704427909","0.0142257280589583","0.019873532068654","0.0121762140352724","0","0.00687402358748962","0.0151672779332255"
"11","T>C","0.0390630057140265","0.0442877489927799","0.199053879707563","0.0440524914743863","0.0432699585181824","0.0266158783038575","0.03613369467028","0.0366118129667138","0.0544747081712062","0.111702883296706","0.0512408038284644"
"12","T>G","0.00532920846857552","0.00683670693392862","0","0.00305125482073672","0.00895240521065842","0.00429735535114366","0","0.00697186448793821","0","0.00793156567787264","0.0315984956942197"
