"","NucSubst","ObsFr","Colour","ExpFr","ObsToExp","MutSpec"
"1","ACA>ATA",41,"C>T",1,41,0.0815109343936382
"2","ACG>ATG",8,"C>T",1,8,0.0159045725646123
"3","ACT>ATT",49,"C>T",2,24.5,0.0487077534791252
"4","AGC>AAC",2,"G>A",1,2,0.00397614314115308
"5","ATA>ACA",2,"T>C",2,1,0.00198807157057654
"6","ATC>ACC",19,"T>C",1,19,0.0377733598409543
"7","ATG>ACG",2,"T>C",1,2,0.00397614314115308
"8","ATT>ACT",4,"T>C",1,4,0.00795228628230616
"9","CAC>CGC",2,"A>G",1,2,0.00397614314115308
"10","CAC>CTC",2,"A>T",1,2,0.00397614314115308
"11","CGA>CAA",5,"G>A",1,5,0.0099403578528827
"12","CGA>CTA",12,"G>T",1,12,0.0238568588469185
"13","CGT>CAT",10,"G>A",1,10,0.0198807157057654
"14","CGT>CTT",9,"G>T",1,9,0.0178926441351889
"15","CTC>CCC",4,"T>C",1,4,0.00795228628230616
"16","CTT>CCT",11,"T>C",2,5.5,0.010934393638171
"17","GAA>GGA",28,"A>G",1,28,0.0556660039761431
"18","GCA>GTA",260,"C>T",1,260,0.516898608349901
"19","GCT>GTT",4,"C>T",1,4,0.00795228628230616
"20","GTA>GCA",1,"T>C",1,1,0.00198807157057654
"21","GTC>GCC",2,"T>C",1,2,0.00397614314115308
"22","TAG>TGG",6,"A>G",2,3,0.00596421471172962
"23","TAG>TTG",2,"A>T",3,0.666666666666667,0.00132538104705103
"24","TCA>TTA",16,"C>T",1,16,0.0318091451292246
"25","TCG>TTG",26,"C>T",1,26,0.0516898608349901
"26","TTA>TCA",1,"T>C",3,0.333333333333333,0.000662690523525514
"27","TTC>TCC",2,"T>C",1,2,0.00397614314115308
"28","TTT>TAT",2,"T>A",1,2,0.00397614314115308
"29","TTT>TCT",7,"T>C",1,7,0.0139165009940358
