"","NucSubst","ExpFr","ObsFr","ObsToExp","MutSpec"
"1","A>C",1154,345,0.29896013864818,0.00316505246171289
"2","A>G",1901,7928,4.17043661230931,0.0441518749820379
"3","A>T",1011,1060,1.0484668644906,0.011099983581375
"4","C>A",465,660,1.41935483870968,0.0150265267691383
"5","C>G",392,35,0.0892857142857143,0.000945256351143033
"6","C>T",1137,51145,44.9824098504837,0.476222976329953
"7","G>A",656,4026,6.13719512195122,0.0649736938729584
"8","G>C",188,261,1.38829787234043,0.0146977306684112
"9","G>T",188,5663,30.1223404255319,0.318901336303497
"10","T>A",1759,1350,0.767481523592951,0.00812522798708508
"11","T>C",3462,12375,3.57452339688042,0.0378430185639585
"12","T>G",1590,728,0.457861635220126,0.00484732212872945
