"","NucSubst","ExpFr","ObsFr","ObsToExp","MutSpec"
"1","A>C",1590,584,0.367295597484277,0.00368262882962716
"2","A>G",2596,10302,3.96841294298921,0.0397886389377244
"3","A>T",1387,2071,1.49315068493151,0.014970829481673
"4","C>A",704,1192,1.69318181818182,0.0169764087022683
"5","C>G",582,145,0.24914089347079,0.0024979701450788
"6","C>T",1670,73939,44.2748502994012,0.44391449627158
"7","G>A",919,6023,6.55386289445049,0.0657112271582843
"8","G>C",277,467,1.68592057761733,0.0169036050693775
"9","G>T",277,9506,34.3176895306859,0.344080663360819
"10","T>A",2421,1929,0.796778190830235,0.007988765333609
"11","T>C",4668,18121,3.88196229648672,0.0389218557654496
"12","T>G",2160,983,0.455092592592593,0.00456291094450974
