"","NucSubst","ExpFr","ObsFr","ObsToExp","MutSpec"
"1","A>C",40,15,0.375,0.00271082958943956
"2","A>G",52,262,5.03846153846154,0.0364224283299058
"3","A>T",34,167,4.91176470588235,0.035506552269522
"4","C>A",26,22,0.846153846153846,0.00611674368899182
"5","C>G",19,41,2.15789473684211,0.0155991597427399
"6","C>T",60,3208,53.4666666666667,0.386504058796538
"7","G>A",25,175,7,0.0506021523362051
"8","G>C",12,66,5.5,0.0397588339784468
"9","G>T",12,632,52.6666666666667,0.3807209556724
"10","T>A",56,32,0.571428571428571,0.00413078794581266
"11","T>C",90,494,5.48888888888889,0.0396785131017227
"12","T>G",45,14,0.311111111111111,0.00224898454827578
