"","NucSubst","ExpFr","ObsFr","ObsToExp","MutSpec"
"1","A>C",11,1,0.0909090909090909,0.00167296435593698
"2","A>G",16,70,4.375,0.0805114096294673
"3","A>T",10,4,0.4,0.00736104316612272
"4","C>A",4,6,1.5,0.0276039118729602
"5","C>G",2,14,7,0.128818255407148
"6","C>T",18,434,24.1111111111111,0.443707324180175
"7","G>A",11,49,4.45454545454545,0.0819752534409121
"8","G>C",8,2,0.25,0.0046006519788267
"9","G>T",8,57,7.125,0.131118581396561
"10","T>A",25,15,0.6,0.0110415647491841
"11","T>C",37,107,2.89189189189189,0.0532183526199413
"12","T>G",24,37,1.54166666666667,0.0283706872027647
