"","NucSubst","ObsFr","Colour","ExpFr","ObsToExp","MutSpec"
"1","ACG>ATG",97,"C>T",1,97,0.310731446876668
"2","ACT>ATT",8,"C>T",2,4,0.0128136679124399
"3","ATA>ACA",4,"T>C",1,4,0.0128136679124399
"4","ATC>ACC",6,"T>C",1,6,0.0192205018686599
"5","ATG>ACG",30,"T>C",1,30,0.0961025093432995
"6","ATT>ACT",38,"T>C",2,19,0.0608649225840897
"7","CAC>CCC",2,"A>C",1,2,0.00640683395621997
"8","CAC>CGC",4,"A>G",1,4,0.0128136679124399
"9","CAT>CGT",2,"A>G",1,2,0.00640683395621997
"10","CCT>CAT",45,"C>A",2,22.5,0.0720768820074746
"11","CCT>CTT",21,"C>T",2,10.5,0.0336358782701548
"12","CTT>CCT",6,"T>C",1,6,0.0192205018686599
"13","GCT>GTT",41,"C>T",2,20.5,0.0656700480512547
"14","TAA>TGA",21,"A>G",3,7,0.0224239188467699
"15","TAG>TGG",4,"A>G",1,4,0.0128136679124399
"16","TAT>TGT",2,"A>G",1,2,0.00640683395621997
"17","TAT>TTT",1,"A>T",1,1,0.00320341697810998
"18","TCC>TTC",8,"C>T",1,8,0.0256273358248799
"19","TCT>TTT",122,"C>T",4,30.5,0.0977042178323545
"20","TGC>TTC",17,"G>T",2,8.5,0.0272290443139349
"21","TGT>TAT",8,"G>A",1,8,0.0256273358248799
"22","TTA>TCA",2,"T>C",3,0.666666666666667,0.00213561131873999
"23","TTG>TAG",6,"T>A",4,1.5,0.00480512546716498
"24","TTG>TCG",50,"T>C",4,12.5,0.0400427122263748
"25","TTT>TCT",7,"T>C",7,1,0.00320341697810998
