"","NucSubst","ExpFr","ObsFr","ObsToExp","MutSpec"
"1","A>C",3,2,0.666666666666667,0.0107933081489477
"2","A>G",12,33,2.75,0.0445223961144091
"3","A>T",3,1,0.333333333333333,0.00539665407447383
"4","C>A",3,45,15,0.242849433351322
"5","C>G",2,0,0,0
"6","C>T",12,297,24.75,0.400701565029682
"7","G>A",3,8,2.66666666666667,0.0431732325957906
"8","G>C",2,0,0,0
"9","G>T",2,17,8.5,0.137614678899083
"10","T>A",10,6,0.6,0.00971397733405289
"11","T>C",22,143,6.5,0.10523475445224
"12","T>G",6,0,0,0
