"","NucSubst","ExpFr","ObsFr","ObsToExp","MutSpec"
"1","A>C",17,0,0,0
"2","A>G",37,142,3.83783783783784,0.0239111586337632
"3","A>T",15,80,5.33333333333333,0.0332286523736803
"4","C>A",7,30,4.28571428571429,0.0267015956574217
"5","C>G",2,0,0,0
"6","C>T",19,1279,67.3157894736842,0.419402431440169
"7","G>A",11,84,7.63636363636364,0.0475773886259514
"8","G>C",4,6,1.5,0.0093455584800976
"9","G>T",4,262,65.5,0.408089386964262
"10","T>A",29,27,0.931034482758621,0.0058006914704054
"11","T>C",62,253,4.08064516129032,0.0254239386609107
"12","T>G",24,2,0.0833333333333333,0.000519197693338755
