"","NucSubst","ExpFr","ObsFr","ObsToExp","MutSpec"
"1","A>C",9,0,0,0
"2","A>G",7,36,5.14285714285714,0.079292243309717
"3","A>T",8,4,0.5,0.00770896809955582
"4","C>A",3,0,0,0
"5","C>G",3,0,0,0
"6","C>T",10,404,40.4,0.62288462244411
"7","G>A",4,17,4.25,0.0655262288462244
"8","G>C",2,0,0,0
"9","G>T",2,21,10.5,0.161888330090672
"10","T>A",5,2,0.4,0.00616717447964465
"11","T>C",15,55,3.66666666666667,0.056532432730076
"12","T>G",5,0,0,0
