"","NucSubst","ExpFr","ObsFr","ObsToExp","MutSpec"
"1","A>C",70,61,0.871428571428571,0.00568771283941435
"2","A>G",128,518,4.046875,0.0264134820129565
"3","A>T",59,258,4.3728813559322,0.0285412875464916
"4","C>A",60,121,2.01666666666667,0.0131625485655299
"5","C>G",49,7,0.142857142857143,0.000932411940887598
"6","C>T",101,4542,44.970297029703,0.2935158935503
"7","G>A",52,768,14.7692307692308,0.0963970498886871
"8","G>C",20,95,4.75,0.0310026970345126
"9","G>T",20,1394,69.7,0.454923785959059
"10","T>A",86,129,1.5,0.00979032537931978
"11","T>C",144,837,5.8125,0.0379375108448641
"12","T>G",77,20,0.25974025974026,0.00169529443797745
