"","NucSubst","ObsFr","Colour","ExpFr","ObsToExp","MutSpec"
"1","AAA>AGA",7,"A>G",2,3.5,0.00602997760294033
"2","AAG>AGG",4,"A>G",2,2,0.00344570148739448
"3","AAT>AGT",4,"A>G",2,2,0.00344570148739448
"4","ACA>ATA",87,"C>T",1,87,0.14988801470166
"5","ACT>ATT",82,"C>T",3,27.3333333333333,0.0470912536610578
"6","AGA>AAA",4,"G>A",3,1.33333333333333,0.00229713432492965
"7","AGG>AAG",1,"G>A",1,1,0.00172285074369724
"8","ATA>ACA",19,"T>C",1,19,0.0327341641302475
"9","ATC>ACC",9,"T>C",2,4.5,0.00775282834663757
"10","ATG>ACG",6,"T>C",1,6,0.0103371044621834
"11","ATT>ACT",415,"T>C",6,69.1666666666667,0.119163843105726
"12","CAA>CGA",2,"A>G",1,2,0.00344570148739448
"13","CAG>CGG",6,"A>G",1,6,0.0103371044621834
"14","CAG>CTG",2,"A>T",1,2,0.00344570148739448
"15","CCA>CAA",2,"C>A",1,2,0.00344570148739448
"16","CCA>CTA",8,"C>T",1,8,0.0137828059495779
"17","CTA>CCA",9,"T>C",2,4.5,0.00775282834663757
"18","CTC>CCC",3,"T>C",1,3,0.00516855223109171
"19","CTC>CGC",2,"T>G",1,2,0.00344570148739448
"20","CTG>CAG",2,"T>A",1,2,0.00344570148739448
"21","CTG>CCG",1,"T>C",1,1,0.00172285074369724
"22","CTT>CCT",2,"T>C",1,2,0.00344570148739448
"23","CTT>CGT",13,"T>G",1,13,0.0223970596680641
"24","GGA>GAA",2,"G>A",1,2,0.00344570148739448
"25","TAA>TGA",4,"A>G",3,1.33333333333333,0.00229713432492965
"26","TAC>TGC",6,"A>G",1,6,0.0103371044621834
"27","TAG>TTG",2,"A>T",1,2,0.00344570148739448
"28","TAT>TGT",8,"A>G",1,8,0.0137828059495779
"29","TCA>TAA",6,"C>A",2,3,0.00516855223109171
"30","TCA>TTA",119,"C>T",2,59.5,0.102509619249986
"31","TCG>TAG",2,"C>A",1,2,0.00344570148739448
"32","TCG>TGG",2,"C>G",1,2,0.00344570148739448
"33","TCG>TTG",205,"C>T",1,205,0.353184402457934
"34","TTA>TAA",2,"T>A",4,0.5,0.000861425371848619
"35","TTA>TCA",3,"T>C",5,0.6,0.00103371044621834
"36","TTC>TCC",15,"T>C",2,7.5,0.0129213805777293
"37","TTG>TAG",10,"T>A",3,3.33333333333333,0.00574283581232413
"38","TTT>TCT",22,"T>C",3,7.33333333333333,0.0126342387871131
