"","NucSubst","ExpFr","ObsFr","ObsToExp","MutSpec"
"1","A>C",43,32,0.744186046511628,0.0073627556407077
"2","A>G",62,190,3.06451612903226,0.030319412089003
"3","A>T",39,69,1.76923076923077,0.0175042435785094
"4","C>A",26,50,1.92307692307692,0.0190263517157711
"5","C>G",21,10,0.476190476190476,0.00471128709152427
"6","C>T",64,2868,44.8125,0.443361560856756
"7","G>A",27,119,4.40740740740741,0.0436055794137747
"8","G>C",8,8,1,0.00989370289220097
"9","G>T",8,300,37.5,0.371013858457536
"10","T>A",71,93,1.30985915492958,0.0129593573095027
"11","T>C",122,449,3.68032786885246,0.0364120704803134
"12","T>G",62,24,0.387096774193548,0.00382982047440038
