"","NucSubst","ExpFr","ObsFr","ObsToExp","MutSpec"
"1","A>C",26,10,0.384615384615385,0.00414347603418064
"2","A>G",38,98,2.57894736842105,0.0277830971976112
"3","A>T",22,20,0.909090909090909,0.00979367062624515
"4","C>A",7,9,1.28571428571429,0.0138510484571181
"5","C>G",6,1,0.166666666666667,0.00179550628147828
"6","C>T",25,1011,40.44,0.435661644137889
"7","G>A",12,69,5.75,0.0619449667110006
"8","G>C",5,2,0.4,0.00430921507554787
"9","G>T",5,161,32.2,0.346891813581603
"10","T>A",30,27,0.9,0.0096957339199827
"11","T>C",48,349,7.27083333333333,0.0783289615294899
"12","T>G",26,14,0.538461538461538,0.0058008664478529
