"","NucSubst","ExpFr","ObsFr","ObsToExp","MutSpec"
"1","A>C",207,118,0.570048309178744,0.00598974502611704
"2","A>G",327,984,3.00917431192661,0.0316187006914354
"3","A>T",177,404,2.28248587570621,0.0239830698575178
"4","C>A",99,239,2.41414141414141,0.0253664317477391
"5","C>G",83,35,0.421686746987952,0.00443084569269124
"6","C>T",215,8250,38.3720930232558,0.403192237617319
"7","G>A",111,701,6.31531531531532,0.066357759314763
"8","G>C",28,27,0.964285714285714,0.010132168568695
"9","G>T",28,999,35.6785714285714,0.374890237041713
"10","T>A",336,234,0.696428571428571,0.00731767729961302
"11","T>C",638,2555,4.00470219435737,0.042079144282157
"12","T>G",292,129,0.441780821917808,0.00464198286023924
