"","NucSubst","ExpFr","ObsFr","ObsToExp","MutSpec"
"1","A>C",10,0,0,0
"2","A>G",16,41,2.5625,0.0306860706860707
"3","A>T",9,4,0.444444444444444,0.00532224532224532
"4","C>A",4,10,2.5,0.0299376299376299
"5","C>G",3,2,0.666666666666667,0.00798336798336798
"6","C>T",9,501,55.6666666666667,0.666611226611227
"7","G>A",7,7,1,0.011975051975052
"8","G>C",0,0,0,0
"9","G>T",0,0,0,0
"10","T>A",14,14,1,0.011975051975052
"11","T>C",28,504,18,0.215550935550936
"12","T>G",9,15,1.66666666666667,0.01995841995842
