"","AA","From_AA_along_mut_spec","To_AA_along_mut_spec","From_AA_not_along_mut_spec","To_AA_not_along_mut_spec","p.value","odds_ratio"
"1","V",3510,3007,7193,7431,3.56182169742507e-10,1.20588348286597
"2","C",676,583,2123,2352,9.80527275967656e-05,1.28452769010778
"3","D",3026,2612,3176,3154,0.000137964456813067,1.15045776004029
"4","S_TC",4679,4610,6871,7464,0.000248607473333608,1.10255834282274
"5","S_AG",1041,907,1987,2008,0.00796081469578077,1.15983834633435
"6","R_AG",862,737,1654,1615,0.0302039468085022,1.1419951261366
"7","H",2117,2113,3394,3686,0.0309414010672671,1.08808126389574
"8","G",1942,1662,3983,3668,0.0717732650198242,1.07604034671023
"9","L_CT",5717,5678,4275,4465,0.0778761436928714,1.05158350668468
"10","T",7672,7571,1979,2038,0.234725813555869,1.04356769064221
"11","W",484,406,774,714,0.269944257494895,1.09966125077098
"12","R_CG",1074,1014,1344,1351,0.293892938147461,1.06465910919324
"13","E",599,517,2109,1957,0.294375362816586,1.07506434165319
"14","A",7713,7097,1268,1219,0.318496936836638,1.04481758754021
"15","Q",443,433,4184,3889,0.498887651058646,0.95094239736286
"16","P",5216,5184,1049,1031,0.828861534160856,0.988907404427776
