"","AA","From_AA_along_mut_spec","To_AA_along_mut_spec","From_AA_not_along_mut_spec","To_AA_not_along_mut_spec","p.value","odds_ratio"
"1","V",8525,7350,23227,23522,2.17821206043182e-18,1.1745893577953
"2","D",4789,4107,8892,8948,8.15088000512278e-10,1.17339132128271
"3","S_TC",10433,10244,14386,15325,7.03324662351099e-06,1.08492345468201
"4","S_AG",1911,1662,5995,6188,7.09483276057391e-06,1.18682021946354
"5","C",992,865,5927,6419,1.45966030791425e-05,1.24199451339358
"6","H",5199,5175,5661,6231,0.000186998813860056,1.10578722928025
"7","R_AG",967,826,5288,5284,0.002362817861777,1.16979999894196
"8","T",22453,22103,5422,5686,0.00288208248502213,1.0652660680154
"9","L_CT",16500,16301,10164,10537,0.00678138531807472,1.04938357617452
"10","G",2689,2300,10458,9683,0.0129316151467336,1.08246847183027
"11","W",507,428,1044,970,0.234609079416932,1.10057856250898
"12","E",603,521,6719,6212,0.289954057590931,1.07008152142132
"13","Q",445,435,6856,6339,0.443401534415669,0.945824025572445
"14","R_CG",3167,3033,2990,2937,0.489972589890221,1.02567967269811
"15","A",20494,19428,4348,4172,0.616104589171103,1.01217122824883
"16","P",15403,15163,1741,1720,0.92854863347162,1.00357506610315
"17","*_TG",4,4,81,100,1,1.2331770091
