"","AA","From_AA_along_mut_spec","To_AA_along_mut_spec","From_AA_not_along_mut_spec","To_AA_not_along_mut_spec","p.value","odds_ratio"
"1","V",5015,4343,16034,16091,3.77875332639941e-10,1.158830687222
"2","D",1763,1495,5716,5794,7.25749635241299e-06,1.19533869647954
"3","S_AG",870,755,4008,4178,0.000757532466610265,1.20116800572529
"4","H",3082,3062,2267,2545,0.00158801948393883,1.12994704534526
"5","T",14781,14532,3443,3648,0.00481815227286322,1.07767771419746
"6","S_TC",5754,5634,7515,7859,0.00785569896948847,1.06803726020114
"7","C",316,282,3804,4067,0.0339033262477123,1.19801271976832
"8","L_CT",10783,10623,5889,6072,0.0469928173093311,1.04662956629542
"9","G",747,638,6475,6015,0.140579122682717,1.08763662752447
"10","R_AG",105,89,3634,3669,0.244720493257464,1.1911085798555
"11","A",12781,12331,3080,2953,0.829696572298946,0.993754683959178
"12","P",10187,9979,692,685,0.867279308507531,1.01051780462347
"13","R_CG",2093,2019,1646,1584,0.962496194116576,0.99760441349601
"14","*_TG",4,4,2,2,1,1
"15","E",4,4,4610,4255,1,0.923016737362345
"16","Q",2,2,2672,2450,1,0.916939106817226
"17","W",23,22,270,256,1,0.991260315390856
