"","X","Aa_Mutation","Count","Group","Aa_parent","Ref_Count","Speed","For_Mut_Spec_Versus","p.value"
"3",3,"P>S_TC",3627,1,"P",93.3333333333333,38.8607142857143,1.32801923762024,"0.0450635738089899"
"29",29,"C>F",56,1,"C",24.6666666666667,2.27027027027027,2.92315845257022,"0.000482038476359777"
"33",33,"G>V",48,1,"G",88,0.545454545454545,2.38181818181818,"0.000607685719533668"
"43",43,"H>Y",3296,1,"H",21.6666666666667,152.123076923077,2.29292345296012,"0.00172132078403093"
