"","X","Aa_Mutation","Count","Group","Aa_parent","Ref_Count","Speed","For_Mut_Spec_Versus","p.value","odds_ratio"
"3",3,"P>S_TC",3627,1,"P",93.3333333333333,38.8607142857143,1.32801923762024,"0.0450635738089899","1.32912167653497"
"4",4,"S_TC>P",3609,2,"S_TC",123.333333333333,29.2621621621622,1.32801923762024,"0.0450635738089899","1.32912167653497"
"29",29,"C>F",56,1,"C",24.6666666666667,2.27027027027027,2.92315845257022,"0.000482038476359777","2.88285740580157"
"30",30,"F>C",51,2,"F",65.6666666666667,0.776649746192893,2.92315845257022,"0.000482038476359777","2.88285740580157"
"33",33,"G>V",48,1,"G",88,0.545454545454545,2.38181818181818,"0.000607685719533668","2.38011529493625"
"34",34,"V>G",40,2,"V",174.666666666667,0.229007633587786,2.38181818181818,"0.000607685719533668","2.38011529493625"
"43",43,"H>Y",3296,1,"H",21.6666666666667,152.123076923077,2.29292345296012,"0.00172132078403093","2.24267329658519"
"44",44,"Y>H",3273,2,"Y",49.3333333333333,66.3445945945946,2.29292345296012,"0.00172132078403093","2.24267329658519"
