"","X","Aa_Mutation","Count","Group","Aa_parent","Ref_Count","Speed_Mut","p.value","odds_ratio","For_Mut_Spec_Versus"
"1",1,"P>L_CT",6784,1,"P",394,17.2182741116751,"0.000596226287814565","1.26861275959417",1.26863668803823
"2",2,"L_CT>P",6949,2,"L_CT",512,13.572265625,"0.000596226287814565","1.26861275959417",1.26863668803823
"3",3,"P>S_TC",8379,1,"P",394,21.2664974619289,"0.0299578325191274","1.16469049100181",1.16470171810659
"4",4,"S_TC>P",8454,2,"S_TC",463,18.2591792656587,"0.0299578325191274","1.16469049100181",1.16470171810659
"11",11,"A>V",14269,1,"A",658,21.6854103343465,"0.00495853994327795","1.16456051309096",1.16456752190914
"12",12,"V>A",14543,2,"V",781,18.6209987195903,"0.00495853994327795","1.16456051309096",1.16456752190914
"33",33,"G>V",2099,1,"G",576,3.64409722222222,"0.0181955004745753","1.16067089777355",1.16070143986768
"34",34,"V>G",2452,2,"V",781,3.13956466069142,"0.0181955004745753","1.16067089777355",1.16070143986768
