"","X","Aa_Mutation","Count","Group","Aa_parent","Ref_Count","Speed","For_Mut_Spec_Versus","p.value"
"13",13,"T>I",3492,1,"T",180.666666666667,19.3284132841328,0.767892388226208,"0.0251680852650464"
"21",21,"V>L_TT",1485,1,"V",174.666666666667,8.50190839694656,0.689818924196698,"0.00455126023426758"
"39",39,"R_AG>M",26,1,"R_AG",44.3333333333333,0.586466165413534,0.390977443609023,"0.0284057877590394"
