"","X","Aa_Mutation","Count","Group","Aa_parent","Ref_Count","Speed","For_Mut_Spec_Versus","p.value"
"14",14,"I>T",3496,2,"I",91.6666666666667,38.1381818181818,0.653254882656591,"0.00221943082015025"
"22",22,"L_TT>V",50,2,"L_TT",69,0.72463768115942,0.400426229508197,"0.000140429118854009"
