"","X","Aa_Mutation","Count","Group","Aa_parent","Ref_Count","Speed","For_Mut_Spec_Versus","p.value","odds_ratio"
"13",13,"T>I",3492,1,"T",180.666666666667,19.3284132841328,0.767892388226208,"0.0251680852650464","0.768377869286749"
"14",14,"I>T",3440,2,"I",136.666666666667,25.1707317073171,0.767892388226208,"0.0251680852650464","0.768377869286749"
"21",21,"V>L_TT",1485,1,"V",174.666666666667,8.50190839694656,0.689818924196698,"0.00455126023426758","0.690782562378595"
"22",22,"L_TT>V",1290,2,"L_TT",104.666666666667,12.3248407643312,0.689818924196698,"0.00455126023426758","0.690782562378595"
"39",39,"R_AG>M",26,1,"R_AG",44.3333333333333,0.586466165413534,0.390977443609023,"0.0284057877590394","0.39742534506422"
"40",40,"M>R_AG",24,2,"M",16,1.5,0.390977443609023,"0.0284057877590394","0.39742534506422"
