"","X","Aa_Mutation","Count","Group","Aa_parent","Ref_Count","Speed","For_Mut_Spec_Versus","p.value"
"14",14,"I>T",3440,2,"I",136.666666666667,25.1707317073171,0.767892388226208,"0.0251680852650464"
"22",22,"L_TT>V",1290,2,"L_TT",104.666666666667,12.3248407643312,0.689818924196698,"0.00455126023426758"
"40",40,"M>R_AG",24,2,"M",16,1.5,0.390977443609023,"0.0284057877590394"
