"","X","Aa_Mutation","Count","Group","Aa_parent","Ref_Count","Speed","For_Mut_Spec_Versus","p.value"
"13",13,"T>I",3571,1,"T",143.333333333333,24.9139534883721,0.653254882656591,"0.00221943082015025"
"21",21,"V>L_TT",59,1,"V",203.333333333333,0.29016393442623,0.400426229508197,"0.000140429118854009"
