"","NucSubst","ExpFr","ObsFr","MutSpec"
"1","A>C",1230,4335,3.52439024390244
"2","A>G",1230,21168,17.209756097561
"3","A>U",1230,8514,6.9219512195122
"4","C>A",582,4164,7.15463917525773
"5","C>G",582,1506,2.58762886597938
"6","C>U",582,76425,131.314432989691
"7","G>A",277,21828,78.8014440433213
"8","G>C",277,1455,5.25270758122744
"9","G>U",277,28524,102.974729241877
"10","U>A",2160,7935,3.67361111111111
"11","U>C",2160,78420,36.3055555555556
"12","U>G",2160,23928,11.0777777777778
