"","NucSubst","ExpFr","ObsFr","MutSpec"
"1","A>C",1230,1445,1.17479674796748
"2","A>G",1230,7056,5.73658536585366
"3","A>U",1230,2838,2.30731707317073
"4","C>A",582,1388,2.38487972508591
"5","C>G",582,502,0.862542955326461
"6","C>U",582,25475,43.7714776632302
"7","G>A",277,7276,26.2671480144404
"8","G>C",277,485,1.75090252707581
"9","G>U",277,9508,34.3249097472924
"10","U>A",2160,2645,1.22453703703704
"11","U>C",2160,26140,12.1018518518519
"12","U>G",2160,7976,3.69259259259259
