"","NucSubst","ExpFr","ObsFr","ObsToExp","MutSpec"
"1","A>C",10,192,19.2,0
"2","A>G",16,495,30.9375,0
"3","A>T",9,537,59.6666666666667,0
"4","C>A",4,174,43.5,0
"5","C>G",3,24,8,0
"6","C>T",9,5166,574,0
"7","G>A",7,486,69.4285714285714,0
"8","G>C",0,18,Inf,NA
"9","G>T",0,936,Inf,NA
"10","T>A",14,501,35.7857142857143,0
"11","T>C",28,5445,194.464285714286,0
"12","T>G",9,783,87,0
