"","NucSubst","ExpFr","ObsFr","ObsToExp","MutSpec"
"1","A>C",43,2007,46.6744186046512,0.0152638639537855
"2","A>G",62,4524,72.9677419354839,0.0238625293943601
"3","A>T",39,1638,42,0.013735195964393
"4","C>A",26,1953,75.1153846153846,0.0245648697055489
"5","C>G",21,1044,49.7142857142857,0.0162579870598937
"6","C>T",64,31323,489.421875,0.16005488958061
"7","G>A",27,4695,173.888888888889,0.0568666182123677
"8","G>C",8,1041,130.125,0.0425545803539675
"9","G>T",8,12204,1525.5,0.498881939135273
"10","T>A",71,1542,21.7183098591549,0.00710250576025954
"11","T>C",122,31065,254.631147540984,0.0832716359550873
"12","T>G",62,10917,176.08064516129,0.0575833849244539
