"","NucSubst","ExpFr","ObsFr","ObsToExp","MutSpec"
"1","A>C",1154,19602,16.9861351819757,0.0130259713753747
"2","A>G",1901,99699,52.4455549710679,0.0402183481115632
"3","A>T",1011,15267,15.1008902077151,0.0115802542179871
"4","C>A",465,18702,40.2193548387097,0.0308425759746093
"5","C>G",392,3243,8.27295918367347,0.00634419356502729
"6","C>T",1137,443091,389.701846965699,0.298846385544626
"7","G>A",656,101637,154.934451219512,0.118812885039692
"8","G>C",188,3162,16.8191489361702,0.0128979164626685
"9","G>T",188,80496,428.170212765957,0.328346199740343
"10","T>A",1759,14589,8.29391699829448,0.00636026525469766
"11","T>C",3462,443073,127.981802426343,0.0981440025711901
"12","T>G",1590,71700,45.0943396226415,0.0345810021422208
