"","NucSubst","ExpFr","ObsFr","ObsToExp","MutSpec"
"1","A>C",3,360,120,0.0770269915416194
"2","A>G",12,411,34.25,0.0219847871691705
"3","A>T",3,630,210,0.134797235197834
"4","C>A",3,327,109,0.0699661839836376
"5","C>G",2,33,16.5,0.0105912113369727
"6","C>T",12,3096,258,0.165608031814482
"7","G>A",3,423,141,0.0905067150614028
"8","G>C",2,36,18,0.0115540487312429
"9","G>T",2,681,340.5,0.218564088499345
"10","T>A",10,621,62.1,0.039861468122788
"11","T>C",22,3147,143.045454545455,0.0918196751444985
"12","T>G",6,633,105.5,0.067719563397007
