"","NucSubst","ExpFr","ObsFr","ObsToExp","MutSpec"
"1","A>C",11,105,9.54545454545454,0.0175583243507301
"2","A>G",16,672,42,0.0772566271432125
"3","A>T",10,228,22.8,0.0419393118777439
"4","C>A",4,90,22.5,0.041387478826721
"5","C>G",2,66,33,0.0607016356125241
"6","C>T",18,3264,181.333333333333,0.333552421951648
"7","G>A",11,690,62.7272727272727,0.115383274304798
"8","G>C",8,66,8.25,0.015175408903131
"9","G>T",8,396,49.5,0.0910524534187862
"10","T>A",25,231,9.24,0.0169964579715067
"11","T>C",37,3279,88.6216216216216,0.163014466153535
"12","T>G",24,339,14.125,0.0259821394856637
