"","NucSubst","ExpFr","ObsFr","ObsToExp","MutSpec"
"1","A>C",26,1026,39.4615384615385,0.0196870837534003
"2","A>G",38,1953,51.3947368421053,0.0256404724230573
"3","A>T",22,708,32.1818181818182,0.0160552825506199
"4","C>A",7,984,140.571428571429,0.0701300961775261
"5","C>G",6,318,53,0.0264413269124616
"6","C>T",25,13161,526.44,0.262637210184835
"7","G>A",12,2046,170.5,0.0850612497844283
"8","G>C",5,306,61.2,0.0305322491894839
"9","G>T",5,2679,535.8,0.267306848296168
"10","T>A",30,633,21.1,0.0105266414689234
"11","T>C",48,13524,281.75,0.140563091652567
"12","T>G",26,2367,91.0384615384615,0.0454184476065287
