"","NucSubst","ExpFr","ObsFr","ObsToExp","MutSpec"
"1","A>C",17,636,37.4117647058824,0.0129885031736506
"2","A>G",37,2193,59.2702702702703,0.0205772729396935
"3","A>T",15,912,60.8,0.0211083598746623
"4","C>A",7,618,88.2857142857143,0.0306507669232643
"5","C>G",2,249,124.5,0.0432235329670305
"6","C>T",19,11730,617.368421052632,0.214336098796562
"7","G>A",11,2286,207.818181818182,0.0721496870117793
"8","G>C",4,273,68.25,0.0236948283132517
"9","G>T",4,4866,1216.5,0.422340785979057
"10","T>A",29,849,29.2758620689655,0.0101639051347483
"11","T>C",62,11634,187.645161290323,0.0651460788364339
"12","T>G",24,4398,183.25,0.0636201800498662
