"","NucSubst","ExpFr","ObsFr","ObsToExp","MutSpec"
"1","A>C",207,8907,43.0289855072464,0.020086461189466
"2","A>G",327,28455,87.0183486238532,0.040621238493064
"3","A>T",177,5310,30,0.014004370044525
"4","C>A",99,8592,86.7878787878788,0.0405136523308278
"5","C>G",83,4335,52.2289156626506,0.0243811020654682
"6","C>T",215,77766,361.702325581395,0.16884710711357
"7","G>A",111,29913,269.486486486487,0.125799615958521
"8","G>C",28,4248,151.714285714286,0.0708220999394548
"9","G>T",28,23808,850.285714285714,0.396923859547679
"10","T>A",336,4896,14.5714285714286,0.00680212259305498
"11","T>C",638,78372,122.84012539185,0.0573432857434436
"12","T>G",292,21177,72.5239726027397,0.0338550849809253
