"","NucSubst","ExpFr","ObsFr","ObsToExp","MutSpec"
"1","A>C",1590,35589,22.3830188679245,0.0147717515916085
"2","A>G",2596,152472,58.73343605547,0.0387613365584171
"3","A>U",1387,28833,20.7880317231435,0.0137191342465783
"4","C>A",704,34116,48.4602272727273,0.0319814964893515
"5","C>G",582,12204,20.9690721649485,0.0138386125193778
"6","C>U",1670,653064,391.05628742515,0.258078964694926
"7","G>A",919,157032,170.872687704026,0.112768027916532
"8","G>C",277,12042,43.4729241877256,0.0286901083741729
"9","G>U",277,146010,527.111913357401,0.347869350914547
"10","U>A",2421,27192,11.2317224287485,0.00741241450236752
"11","U>C",4668,653331,139.959511568123,0.0923667691997472
"12","U>G",2160,130074,60.2194444444444,0.0397420329923746
