"","NucSubst","ExpFr","ObsFr","ObsToExp","MutSpec"
"1","A>C",9,96,10.6666666666667,0.00774203805695582
"2","A>G",7,414,59.1428571428571,0.0429268360122283
"3","A>T",8,84,10.5,0.00762106871231589
"4","C>A",3,93,31,0.0225002981030279
"5","C>G",3,36,12,0.0087097928140753
"6","C>T",10,3816,381.6,0.276971411487595
"7","G>A",4,423,105.75,0.0767550491740386
"8","G>C",2,36,18,0.013064689221113
"9","G>T",2,699,349.5,0.253672715709943
"10","T>A",5,81,16.2,0.0117582202990017
"11","T>C",15,3798,253.2,0.183776628376989
"12","T>G",5,651,130.2,0.094501252032717
