"","NucSubst","ExpFr","ObsFr","ObsToExp","MutSpec"
"1","A>C",70,2349,33.5571428571429,0.0148400859581752
"2","A>G",128,10977,85.7578125,0.0379249602537058
"3","A>T",59,2880,48.8135593220339,0.0215869813275618
"4","C>A",60,2292,38.2,0.0168933119847426
"5","C>G",49,2214,45.1836734693878,0.019981724935474
"6","C>T",101,41820,414.059405940594,0.183110856669415
"7","G>A",52,11643,223.903846153846,0.0990177363261973
"8","G>C",20,2157,107.85,0.0476948611925259
"9","G>T",20,15363,768.15,0.339701507881676
"10","T>A",86,2649,30.8023255813953,0.0136218140288516
"11","T>C",144,41367,287.270833333333,0.127040728052801
"12","T>G",77,13683,177.701298701299,0.0785854313888737
