"","NucSubst","ExpFr","ObsFr","ObsToExp","MutSpec"
"1","A>C",40,309,7.725,0.00631109705914575
"2","A>G",52,2679,51.5192307692308,0.042089691365326
"3","A>T",34,639,18.7941176470588,0.0153542395613711
"4","C>A",26,291,11.1923076923077,0.00914378513423655
"5","C>G",19,642,33.7894736842105,0.0276050029771526
"6","C>T",60,18831,313.85,0.256406189257332
"7","G>A",25,2790,111.6,0.0911739070292123
"8","G>C",12,699,58.25,0.0475885312226847
"9","G>T",12,3882,323.5,0.264289954515683
"10","T>A",56,600,10.7142857142857,0.0087532552831425
"11","T>C",90,18627,206.966666666667,0.169085659720543
"12","T>G",45,3426,76.1333333333333,0.0621986868741699
