"","NucSubst","ExpFr","ObsFr","MutSpec"
"1","A>C",7144,15747,2.20422732362822
"2","A>G",6138,80367,13.0933528836755
"3","A>U",7347,12516,1.70355247039608
"4","C>A",4656,15411,3.30992268041237
"5","C>G",4778,12873,2.69422352448723
"6","C>U",3690,118170,32.0243902439024
"7","G>A",4816,85815,17.8187292358804
"8","G>C",5458,12870,2.35800659582265
"9","G>U",5458,94221,17.2629168193477
"10","U>A",7005,11802,1.6847965738758
"11","U>C",4758,116937,24.5769230769231
"12","U>G",7266,83475,11.4884393063584
