"","NucSubst","ExpFr","ObsFr","MutSpec"
"1","A>C",1590,1564,0.983647798742138
"2","A>G",2596,15077,5.807781201849
"3","A>U",1387,3115,2.24585436193223
"4","C>A",704,1507,2.140625
"5","C>G",582,502,0.862542955326461
"6","C>U",1670,73383,43.9419161676647
"7","G>A",919,15722,17.107725788901
"8","G>C",277,485,1.75090252707581
"9","G>U",277,9508,34.3249097472924
"10","U>A",2421,2911,1.20239570425444
"11","U>C",4668,74569,15.9745072836332
"12","U>G",2160,7976,3.69259259259259
