label,mut1,mut2,ratio,pval,pval_adj,asterics
directional,A>C,C>A,0.44680851063829785,0.0021862431776861714,0.003279364766529257,**
directional,A>G,G>A,0.3431952662721893,9.008786393133604e-14,1.8017572786267207e-13,***
directional,A>U,U>A,1.8181818181818181,0.14961278438568115,0.14961278438568115,
directional,C>G,G>C,0.4883720930232558,0.008146902228698568,0.009776282674438282,**
directional,C>U,U>C,2.7969924812030076,3.34207802334762e-27,1.0026234070042861e-26,***
directional,G>U,U>G,8.733333333333333,1.7917767822831522e-93,1.0750660693698914e-92,***
reciprocal,A>C,U>G,0.35,1.69358312158601e-05,2.5403746823790148e-05,***
reciprocal,A>G,U>C,0.43609022556390975,5.8641749693510654e-08,1.1728349938702131e-07,***
reciprocal,A>U,U>A,1.8181818181818181,0.14961278438568115,0.14961278438568115,
reciprocal,C>G,G>C,0.4883720930232558,0.008146902228698568,0.009776282674438282,**
reciprocal,C>U,G>A,2.201183431952663,1.500888852182512e-18,4.502666556547536e-18,***
reciprocal,G>U,C>A,11.148936170212766,5.718724976426383e-103,3.4312349858558296e-102,***
