"","Aa_Mut","Pos","Mut_Sub","Anti_Aa_Mut","Anti_Aa_Mut_count","direct_vs_reverse","p_value","CI_left","CI_right","prob_success","aster"
"1","A>S_UC",19032,1,"S_UC>A",16791,1.13346435590495,2.45944434637722e-32,0.526094907575957,0.536457594960968,0.531278787371242,"***"
"2","D>Y",10863,1,"Y>D",9504,1.14299242424242,1.74696569220306e-21,0.526482390614049,0.540233668342111,0.533362792752983,"***"
"3","E>*_UA",2886,1,"*_UA>E",2529,1.141162514828,1.3016456271202e-06,0.519568479950755,0.546323945209504,0.532963988919668,"***"
"4","G>*_UG",648,1,"*_UG>G",522,1.24137931034483,0.000254550763392941,0.524830040442459,0.582590936242604,0.553846153846154,"***"
"5","G>C",5295,1,"C>G",4683,1.13068545803972,9.4404074860793e-10,0.520817456897467,0.540499570689147,0.530667468430547,"***"
"6","G>W",234,1,"W>G",195,1.2,0.0664313406144874,0.496995404561314,0.593282644948038,0.545454545454545,""
"7","H>Y",9075,1,"Y>H",9096,0.997691292875989,0.882052786614365,0.49212532168002,0.506719175673853,0.499422156182929,""
"8","L_CU>F",18081,1,"F>L_CU",17991,1.00500250125063,0.639354167032149,0.496073932296697,0.506420876786682,0.50124750499002,""
"9","L_CU>L_UU",7581,1,"L_UU>L_CU",8013,0.946087607637589,0.000557217785749881,0.478275021426533,0.494027185027304,0.486148518661023,"***"
"10","P>S_UC",14952,1,"S_UC>P",14559,1.02699361219864,0.02249442101174,0.500937064859984,0.512378692196838,0.506658534105927,"*"
"11","Q>*_UA",3057,1,"*_UA>Q",2913,1.04943357363543,0.0641958254686143,0.499293692064452,0.524815117770758,0.512060301507538,""
"12","R_CG>C",2610,1,"C>R_CG",2577,1.0128055878929,0.656818350634503,0.48947942281985,0.516879053936508,0.503181029496819,""
"13","R_CG>W",381,1,"W>R_CG",423,0.900709219858156,0.148143006728296,0.438894741816163,0.509058611431938,0.473880597014925,""
"14","V>F",8217,1,"F>V",7323,1.12208111429742,7.75334438407961e-13,0.520879285730918,0.536638899923258,0.528764478764479,"***"
"15","V>L_UU",7806,1,"L_UU>V",7041,1.10864933958245,3.57717288624004e-10,0.517692755422433,0.533822705999922,0.525762780359669,"***"
