"","Aa_Mut","Pos","Mut_Sub","Anti_Aa_Mut","Anti_Aa_Mut_count","direct_vs_reverse","p_value","CI_left","CI_right","prob_success","aster"
"1","A>S_UC",9711,1,"S_UC>A",8934,1.08697112155809,1.31708880085247e-08,0.51363642205426,0.528030448225321,0.520836685438455,"***"
"2","D>Y",6483,1,"Y>D",5355,1.21064425770308,3.54084958230652e-25,0.538624157176468,0.556638769486263,0.547643182970096,"***"
"3","E>*_UA",54,1,"*_UA>E",30,1.8,0.0116344541199258,0.530836896184449,0.744485690058299,0.642857142857143,"*"
"4","G>*_UG",9,1,"*_UG>G",6,1.5,0.60723876953125,0.322869766206282,0.836635676140487,0.6,""
"5","G>C",5094,1,"C>G",4539,1.12227362855254,1.64171992263769e-08,0.518779705132384,0.538817317809023,0.5288072251635,"***"
"6","G>W",75,1,"W>G",60,1.25,0.228103478066013,0.467605928137005,0.641014260418332,0.555555555555556,""
"7","H>Y",13485,1,"Y>H",13461,1.00178292846,0.888570471193249,0.494457050548263,0.506433523624118,0.500445335114674,""
"8","L_CU>F",24882,1,"F>L_CU",24603,1.01134008047799,0.211406371105277,0.49840358595289,0.507234155434476,0.502819036071537,""
"9","L_CU>L_UU",22647,1,"L_UU>L_CU",22605,1.00185799601858,0.847165256804919,0.49584631639644,0.505081759826404,0.500464067886502,""
"10","P>S_UC",23202,1,"S_UC>P",22881,1.01402910711944,0.136049008318859,0.498906935114746,0.508058318368465,0.503482846168869,""
"11","Q>*_UA",54,1,"*_UA>Q",24,2.25,0.000901003520521941,0.577574749148106,0.791920364717414,0.692307692307692,"***"
"12","R_CG>C",7332,1,"C>R_CG",7332,1,1,0.491873906842721,0.508126093157279,0.5,""
"13","R_CG>W",174,1,"W>R_CG",189,0.920634920634921,0.462503242438091,0.426921244630733,0.532096092982358,0.479338842975207,""
"14","V>F",11223,1,"F>V",10023,1.11972463334331,1.90365509869753e-16,0.521501075095554,0.534972415345555,0.528240609997176,"***"
"15","V>L_UU",6981,1,"L_UU>V",6210,1.12415458937198,1.99840935569765e-11,0.520662935182032,0.537773108534001,0.529224471230384,"***"
