"","Aa_Mut","Pos","Mut_Sub","Anti_Aa_Mut","Anti_Aa_Mut_count","direct_vs_reverse","p_value","CI_left","CI_right","prob_success","aster"
"1","A>S_UC",28743,1,"S_UC>A",25725,1.11731778425656,3.02871301820701e-38,0.523501213713307,0.531904513852829,0.527704340163031,"***"
"2","D>Y",17346,1,"Y>D",14859,1.16737330910559,1.11109092416112e-43,0.533148718574498,0.544068348818094,0.538612016767583,"***"
"3","E>*_UA",2940,1,"*_UA>E",2559,1.14888628370457,2.95413577339937e-07,0.521352765237436,0.547895769261656,0.534642662302237,"***"
"4","G>*_UG",657,1,"*_UG>G",528,1.24431818181818,0.00019786834660991,0.525603837906263,0.582986146592513,0.554430379746835,"***"
"5","G>C",10389,1,"C>G",9222,1.12654521795706,8.17653933328158e-17,0.522738728983559,0.536759866054831,0.529753709652746,"***"
"6","G>W",309,1,"W>G",255,1.21176470588235,0.025547702636843,0.505750859598606,0.589489878272023,0.547872340425532,"*"
"7","H>Y",22560,1,"Y>H",22557,1.0001329964091,0.992487357362294,0.495408601429343,0.504657888074392,0.500033246891416,""
"8","L_CU>F",42963,1,"F>L_CU",42594,1.00866319199887,0.208350220667315,0.498800267576477,0.505512500384576,0.502156457098776,""
"9","L_CU>L_UU",30228,1,"L_UU>L_CU",30618,0.987262394669802,0.114793205774752,0.492814435085633,0.500776246337114,0.496795187851297,""
"10","P>S_UC",38154,1,"S_UC>P",37440,1.01907051282051,0.00950666644731286,0.501151716310624,0.508293115236481,0.50472259703151,"**"
"11","Q>*_UA",3111,1,"*_UA>Q",2937,1.05924412665986,0.0261040027919402,0.501701872907256,0.52705408417915,0.514384920634921,"*"
"12","R_CG>C",9942,1,"C>R_CG",9909,1.00333030578262,0.820329751559102,0.493850843622531,0.507811297620691,0.500831192383255,""
"13","R_CG>W",555,1,"W>R_CG",612,0.906862745098039,0.101114266111445,0.446589763875227,0.504690417024277,0.475578406169666,""
"14","V>F",19440,1,"F>V",17346,1.12071947423037,9.717670560891e-28,0.523345047780518,0.53357428755515,0.528461914858914,"***"
"15","V>L_UU",14787,1,"L_UU>V",13251,1.11591577994114,4.75544412686968e-20,0.521527225539805,0.533249891545316,0.527391397389257,"***"
