,Aa,Aa_Count,prop_aa
0,*_UA,1,0.00014088475626937165
1,A,487,0.06861087630318399
2,C,226,0.031839954916877994
3,D,389,0.05480417018878558
4,E,341,0.04804170188785573
5,F,349,0.04916877993801071
6,G,412,0.058044519582981124
7,H,145,0.02042828965905889
8,I,343,0.048323471400394474
9,K,434,0.0611439842209073
10,L_CU,351,0.04945054945054945
11,L_UU,317,0.04466046773739082
12,M,168,0.023668639053254437
13,N,384,0.05409974640743871
14,P,274,0.03860242321780783
15,Q,239,0.033671456748379826
16,R_AG,143,0.020146520146520148
17,R_CG,101,0.014229360383206538
18,S_AG,142,0.020005635390250773
19,S_UC,314,0.0442378134685827
20,T,527,0.07424626655395886
21,V,598,0.08424908424908426
22,W,78,0.01098901098901099
23,Y,335,0.04719639335023951
