,Aa,Aa_Count,prop_aa
0,*_UA,9,0.00338855421686747
1,A,171,0.06438253012048192
2,C,70,0.02635542168674699
3,D,122,0.04593373493975904
4,E,102,0.038403614457831324
5,F,151,0.056852409638554216
6,G,164,0.061746987951807226
7,H,44,0.016566265060240965
8,I,170,0.06400602409638555
9,K,128,0.04819277108433735
10,L_CU,161,0.06061746987951807
11,L_UU,101,0.03802710843373494
12,M,38,0.01430722891566265
13,N,148,0.05572289156626506
14,P,120,0.045180722891566265
15,Q,126,0.04743975903614458
16,R_AG,60,0.022590361445783132
17,R_CG,46,0.017319277108433735
18,S_AG,56,0.02108433734939759
19,S_UC,149,0.05609939759036144
20,T,191,0.07191265060240964
21,V,183,0.06890060240963855
22,W,33,0.012424698795180723
23,Y,113,0.04254518072289157
