label,mut1,mut2,ratio,pval,pval_adj,asterics
reciprocal,A>C,C>A,0.6,0.7265625,1.0,
reciprocal,A>G,G>A,0.6,0.1538599441628321,0.3077198883256642,
reciprocal,A>U,U>A,1.5,1.0,1.0,
reciprocal,C>G,G>C,1.5,1.0,1.0,
reciprocal,C>U,U>C,1.75,0.0021935330625395405,0.013161198375237243,*
reciprocal,G>U,U>G,1.9285714285714286,0.05958388801809633,0.178751664054289,
complementary,A>C,U>G,0.21428571428571427,0.012725830078125,0.0190887451171875,*
complementary,A>G,U>C,0.3125,3.7606121325417525e-05,0.00011281836397625258,***
complementary,A>U,U>A,1.5,1.0,1.0,
complementary,C>G,G>C,1.5,1.0,1.0,
complementary,C>U,G>A,3.36,1.2159603232656297e-08,7.295761939593779e-08,***
complementary,G>U,C>A,5.4,0.00011307420209050179,0.00022614840418100357,***
