label,mut1,mut2,ratio,pval,pval_adj,asterics
reciprocal,A>C,C>A,0.5714285714285714,0.548828125,0.65859375,
reciprocal,A>G,G>A,0.21518987341772153,9.941513465364027e-11,1.9883026930728053e-10,***
reciprocal,A>U,U>A,1.75,0.548828125,0.65859375,
reciprocal,C>G,G>C,0.6,0.7265625,0.7265625,
reciprocal,C>U,U>C,3.638888888888889,6.980809407093546e-14,2.0942428221280638e-13,***
reciprocal,G>U,U>G,9.363636363636363,6.919847271973234e-20,4.1519083631839405e-19,***
complementary,A>C,U>G,0.36363636363636365,0.11846923828124999,0.177703857421875,
complementary,A>G,U>C,0.4722222222222222,0.012660335802414213,0.025320671604828426,*
complementary,A>U,U>A,1.75,0.548828125,0.65859375,
complementary,C>G,G>C,0.6,0.7265625,0.7265625,
complementary,C>U,G>A,1.6582278481012658,0.00040687733920262794,0.0012206320176078838,**
complementary,G>U,C>A,14.714285714285714,5.2527095298045276e-23,3.1516257178827165e-22,***
