,codon_lins_compared,p_value
0,xxc_xxu,2.6375058844089287e-05
1,xxc_xxg,0.3177352833602217
2,xxc_xxa,0.028774771595149278
3,xxu_xxc,2.6375058844089287e-05
4,xxu_xxg,2.2235817586157375e-05
5,xxu_xxa,0.013554787436270544
6,xxg_xxc,0.3177352833602217
7,xxg_xxu,2.2235817586157375e-05
8,xxg_xxa,0.027368778725670655
9,xxa_xxc,0.028774771595149278
10,xxa_xxu,0.013554787436270544
11,xxa_xxg,0.027368778725670655
