label,mut1,mut2,ratio,pval,pval_adj,asterics
reciprocal,A>C,C>A,0.5,0.5078125,0.65859375,
reciprocal,A>G,G>A,0.3333333333333333,4.453448771493584e-05,8.906897542987168e-05,***
reciprocal,A>U,U>A,1.75,0.548828125,0.65859375,
reciprocal,C>G,G>C,0.6,0.7265625,0.7265625,
reciprocal,C>U,U>C,2.75,2.9302851519978715e-10,8.790855455993614e-10,***
reciprocal,G>U,U>G,9.363636363636363,6.919847271973234e-20,4.1519083631839405e-19,***
complementary,A>C,U>G,0.2727272727272727,0.057373046875,0.0860595703125,
complementary,A>G,U>C,0.3541666666666667,0.00015210657584807538,0.00030421315169615077,***
complementary,A>U,U>A,1.75,0.548828125,0.65859375,
complementary,C>G,G>C,0.6,0.7265625,0.7265625,
complementary,C>U,G>A,2.588235294117647,1.829454437046142e-09,5.488363311138426e-09,***
complementary,G>U,C>A,17.166666666666668,6.61789839683711e-24,3.970739038102266e-23,***
