"","NucSubst","ExpFr","Month_Mut_Count","ObsToExp","MutSpec"
"1","A>C",1590,18,0.0113207547169811,0.00840535444012159
"2","A>G",2578,78,0.030256012412723,0.0224642715641729
"3","A>T",1387,30,0.0216294160057678,0.0160592568610831
"4","C>A",704,24,0.0340909090909091,0.0253115787117298
"5","C>G",582,2,0.00343642611683849,0.00255145352420644
"6","C>T",1670,542,0.324550898203593,0.240970271104723
"7","G>A",918,49,0.0533769063180828,0.0396309104593242
"8","G>C",277,6,0.0216606498194946,0.0160824471236984
"9","G>T",277,220,0.794223826714801,0.58968972786894
"10","T>A",2421,22,0.00908715406856671,0.00674696632051616
"11","T>C",4668,165,0.0353470437017995,0.0262442247139615
"12","T>G",2160,17,0.00787037037037037,0.00584353730752281
