"","NucSubst","ExpFr","Month_Mut_Count","ObsToExp","MutSpec"
"1","A>C",1590,2,0.00125786163522013,0.00358359808156343
"2","A>G",2578,15,0.00581846392552366,0.0165765737481163
"3","A>T",1387,11,0.00793078586878154,0.0225944954746014
"4","C>A",704,7,0.00994318181818182,0.0283277319941768
"5","C>G",582,3,0.00515463917525773,0.0146853632723862
"6","C>T",1670,133,0.0796407185628742,0.226893259373718
"7","G>A",918,15,0.0163398692810458,0.0465516417457994
"8","G>C",277,5,0.0180505415162455,0.0514252793292947
"9","G>T",277,54,0.194945848375451,0.555393016756382
"10","T>A",2421,7,0.00289136720363486,0.00823739088141284
"11","T>C",4668,40,0.00856898029134533,0.0244126861597509
"12","T>G",2160,1,0.000462962962962963,0.00131896318279765
