"","NucSubst","ExpFr","Month_Mut_Count","ObsToExp","MutSpec"
"1","A>C",1590,3,0.00188679245283019,0.00674434896129969
"2","A>G",2578,23,0.00892164468580295,0.0318904630869834
"3","A>T",1387,9,0.00648882480173035,0.023194336370151
"4","C>A",704,5,0.00710227272727273,0.0253871090162559
"5","C>G",582,1,0.00171821305841924,0.00614176108159593
"6","C>T",1670,91,0.0544910179640719,0.19477841341526
"7","G>A",918,16,0.0174291938997821,0.0623007398603718
"8","G>C",277,1,0.0036101083032491,0.0129043499981546
"9","G>T",277,46,0.166064981949458,0.593600099915113
"10","T>A",2421,8,0.00330441966129698,0.0118116644344943
"11","T>C",4668,30,0.006426735218509,0.0229723968476146
"12","T>G",2160,5,0.00231481481481481,0.00827431701270563
