"","NucSubst","ExpFr","Month_Mut_Count","ObsToExp","MutSpec"
"1","A>G",2578,4,0.00155159038013964,0.0321045632431509
"2","C>T",1670,19,0.011377245508982,0.235411035445511
"3","G>A",918,3,0.00326797385620915,0.0676189248699698
"4","G>C",277,1,0.0036101083032491,0.0746981624917355
"5","G>T",277,7,0.0252707581227437,0.522887137442149
"6","T>A",2421,2,0.000826104915324246,0.017093259818431
"7","T>C",4668,7,0.00149957155098543,0.0310282213092278
"8","T>G",2160,2,0.000925925925925926,0.0191586953798248
