"","NucSubst","ExpFr","Month_Mut_Count","ObsToExp","MutSpec"
"1","A>C",1590,3,0.00188679245283019,0.00454716173987502
"2","A>G",2578,37,0.0143522110162917,0.0345887671524241
"3","A>T",1387,6,0.00432588320115357,0.0104253600092304
"4","C>A",704,3,0.00426136363636364,0.0102698681340927
"5","C>G",582,1,0.00171821305841924,0.00414088612050475
"6","C>T",1670,130,0.0778443113772455,0.18760445741161
"7","G>A",918,19,0.0206971677559913,0.0498800857522238
"8","G>C",277,2,0.0072202166064982,0.0174006911345398
"9","G>T",277,75,0.270758122743682,0.652525917545243
"10","T>A",2421,3,0.00123915737298637,0.00298636396794766
"11","T>C",4668,41,0.00878320479862896,0.0211674859913205
"12","T>G",2160,4,0.00185185185185185,0.00446295504098845
