"","NucSubst","ExpFr","Month_Mut_Count","ObsToExp","MutSpec"
"1","A>C",1590,1,0.000628930817610063,0.00353669284656295
"2","A>G",2578,12,0.00465477114041893,0.0261753683135846
"3","A>T",1387,1,0.000720980533525595,0.00405431984573547
"4","C>A",704,1,0.00142045454545455,0.00798770117334531
"5","C>T",1670,59,0.0353293413173653,0.198668955650342
"6","G>A",918,12,0.0130718954248366,0.0735077336736614
"7","G>C",277,2,0.0072202166064982,0.0406017445923112
"8","G>T",277,30,0.108303249097473,0.609026168884668
"9","T>A",2421,1,0.000413052457662123,0.00232273507890752
"10","T>C",4668,24,0.0051413881748072,0.0289117821389979
"11","T>G",2160,2,0.000925925925925926,0.00520679780188435
