"","NucSubst","ExpFr","Month_Mut_Count","ObsToExp","MutSpec"
"1","A>C",1590,9,0.00566037735849057,0.00441609281797728
"2","A>G",2578,86,0.0333591931730023,0.0260260551646502
"3","A>T",1387,29,0.0209084354722422,0.0163122678712595
"4","C>A",704,14,0.0198863636363636,0.0155148715480073
"5","C>G",582,3,0.00515463917525773,0.0040215278239312
"6","C>T",1670,510,0.305389221556886,0.238257462814223
"7","G>A",918,75,0.0816993464052288,0.0637399017845305
"8","G>C",277,10,0.036101083032491,0.0281652129185073
"9","G>T",277,201,0.725631768953069,0.566120779661997
"10","T>A",2421,18,0.00743494423791822,0.00580056801370002
"11","T>C",4668,146,0.0312767780634105,0.0244014040456357
"12","T>G",2160,20,0.00925925925925926,0.00722385553558012
