"","NucSubst","ExpFr","Month_Mut_Count","ObsToExp","MutSpec"
"1","A>C",1590,2,0.00125786163522013,0.0105610677922714
"2","A>G",2578,19,0.0073700543056633,0.0618793363080913
"3","A>T",1387,2,0.00144196106705119,0.0121067756234402
"4","C>T",1670,54,0.0323353293413174,0.271489006180965
"5","G>A",918,5,0.00544662309368192,0.0457301138064039
"6","G>T",277,18,0.0649819494584837,0.545591624936475
"7","T>A",2421,3,0.00123915737298637,0.0104040258920146
"8","T>C",4668,17,0.00364181662382177,0.0305768704397061
"9","T>G",2160,3,0.00138888888888889,0.011661179020633
