"","NucSubst","ExpFr","Month_Mut_Count","ObsToExp","MutSpec"
"1","A>C",1590,1,0.000628930817610063,0.00367778704399204
"2","A>G",2578,10,0.00387897595034911,0.0226830155156996
"3","A>T",1387,2,0.00144196106705119,0.00843212891124347
"4","C>A",704,3,0.00426136363636364,0.0249190968747756
"5","C>T",1670,61,0.0365269461077844,0.21359794335137
"6","G>A",918,8,0.00871459694989107,0.0509601864919159
"7","G>C",277,1,0.0036101083032491,0.0211107631767052
"8","G>T",277,30,0.108303249097473,0.633322895301157
"9","T>C",4668,17,0.00364181662382177,0.0212961833331416
