"","NucSubst","ExpFr","Month_Mut_Count","ObsToExp","MutSpec"
"1","A>C",1590,3,0.00188679245283019,0.0128972525279597
"2","A>G",2578,8,0.00310318076027929,0.0212119281297708
"3","A>T",1387,4,0.00288392213410238,0.0197131761782802
"4","C>A",704,5,0.00710227272727273,0.0485478965896211
"5","C>T",1670,54,0.0323353293413174,0.221029561287549
"6","G>A",918,4,0.00435729847494553,0.0297845047486651
"7","G>C",277,2,0.0072202166064982,0.049354107146705
"8","G>T",277,23,0.0830324909747292,0.567572232187108
"9","T>A",2421,1,0.000413052457662123,0.00282343818249428
"10","T>C",4668,12,0.0025706940874036,0.0175720921332099
"11","T>G",2160,3,0.00138888888888889,0.00949381088863701
