"","NucSubst","ExpFr","Month_Mut_Count","ObsToExp","MutSpec"
"1","A>C",1590,15,0.00943396226415094,0.0061704904620461
"2","A>G",2578,104,0.0403413498836307,0.0263861469563989
"3","A>T",1387,31,0.0223503965392934,0.0146187683188778
"4","C>A",704,21,0.0298295454545455,0.019510670125731
"5","C>G",582,4,0.00687285223367698,0.00449534013042534
"6","C>T",1670,488,0.292215568862275,0.191130018335761
"7","G>A",918,61,0.0664488017429194,0.0434622999211221
"8","G>C",277,18,0.0649819494584837,0.042502872929906
"9","G>T",277,261,0.942238267148014,0.616291657483637
"10","T>A",2421,26,0.0107393638992152,0.00702431710590626
"11","T>C",4668,166,0.0355612682090831,0.0232596294280555
"12","T>G",2160,17,0.00787037037037037,0.00514778880213291
