"","NucSubst","ExpFr","Month_Mut_Count","ObsToExp","MutSpec"
"1","A>G",2578,2,0.000775795190069822,0.0595352014094308
"2","A>T",1387,1,0.000720980533525595,0.0553286767244097
"3","C>T",1670,5,0.0029940119760479,0.229763097654959
"4","G>T",277,2,0.0072202166064982,0.554085737305099
"5","T>C",4668,4,0.000856898029134533,0.0657591042131587
"6","T>G",2160,1,0.000462962962962963,0.0355281826929427
