"","NucSubst","ExpFr","Month_Mut_Count","ObsToExp","MutSpec"
"1","A>C",1590,4,0.00251572327044025,0.00588063942478118
"2","A>G",2578,26,0.0100853374709077,0.0235750226745979
"3","A>T",1387,7,0.00504686373467916,0.0117973173752369
"4","C>A",704,6,0.00852272727272727,0.0199223366876465
"5","C>T",1670,163,0.0976047904191617,0.228156484988105
"6","G>A",918,13,0.014161220043573,0.0331026189842666
"7","G>C",277,5,0.0180505415162455,0.0421941186164354
"8","G>T",277,71,0.256317689530686,0.599156484353382
"9","T>A",2421,9,0.00371747211895911,0.00868979245855212
"10","T>C",4668,42,0.0089974293059126,0.0210319784054674
"11","T>G",2160,6,0.00277777777777778,0.00649320603152922
