"","NucSubst","ExpFr","Month_Mut_Count","ObsToExp","MutSpec"
"1","A>C",1590,3,0.00188679245283019,0.0245065733432395
"2","A>G",2578,11,0.00426687354538402,0.0554202182277294
"3","A>T",1387,2,0.00144196106705119,0.0187288880633265
"4","C>A",704,2,0.00284090909090909,0.036899101908855
"5","C>G",582,1,0.00171821305841924,0.0223169825977955
"6","C>T",1670,36,0.0215568862275449,0.279991269095216
"7","G>A",918,2,0.00217864923747277,0.0282973504834792
"8","G>T",277,10,0.036101083032491,0.468898334726244
"9","T>A",2421,2,0.000826104915324246,0.0107298503692003
"10","T>C",4668,13,0.00278491859468723,0.0361718702516967
"11","T>G",2160,3,0.00138888888888889,0.018039560933218
