"","NucSubst","ExpFr","Month_Mut_Count","ObsToExp","MutSpec"
"1","A>C",1590,9,0.00566037735849057,0.00915860372108438
"2","A>G",2578,44,0.0170674941815361,0.0276155467773064
"3","A>T",1387,12,0.00865176640230714,0.0139987309940151
"4","C>A",704,5,0.00710227272727273,0.0114916192523076
"5","C>G",582,2,0.00343642611683849,0.00556020615369384
"6","C>T",1670,303,0.181437125748503,0.293568896520747
"7","G>A",918,31,0.0337690631808279,0.0546390192946319
"8","G>C",277,5,0.0180505415162455,0.0292061370166951
"9","G>T",277,88,0.317689530685921,0.514028011493833
"10","T>A",2421,13,0.0053696819496076,0.00868825273829979
"11","T>C",4668,73,0.0156383890317052,0.0253032260760322
"12","T>G",2160,9,0.00416666666666667,0.00674174996135378
